"District_Name","SubCounty","Parish","Villagecode","School_Monitoring_ID","C3IQ45","C3IQ45_Other","C3IQ46A","C3IQ46B","C3IQ47","C3IQ45_V2","C3IQ45_Other_V2","C3IQ46A_V2","C3IQ46B_V2","Education_Response","Reason_Edu_Not_Done"
101,101204,10120402,1012040204,1,,,,,,,,,,3,"no school at the island"
101,101204,10120402,1012040204,2,,,,,,,,,,3,"no school at the island"
101,101204,10120402,1012040204,3,,,,,,,,,,3,"no school at the island"
101,101204,10120402,1012040204,4,,,,,,,,,,3,"no school at the island"
101,101204,10120402,1012040204,5,,,,,,,,,,3,"no school at the island"
102,102101,10210104,1021010402,1,1,,10,5,1,1,,2,6,1,
102,102101,10210104,1021010402,2,1,,9,5,3,1,,2,6,1,
102,102101,10210104,1021010402,3,1,,9,5,1,1,,3,6,1,
102,102101,10210104,1021010402,4,1,"OFFICIALS FROM KCCA",2,5,4,2,,,,1,
102,102101,10210104,1021010402,5,2,,,,,2,,,,1,
102,102101,10210108,1021010802,1,2,,,,,,,,,2,
102,102101,10210108,1021010802,2,1,,4,5,4,,,,,2,
102,102101,10210108,1021010802,3,2,,,,,,,,,2,
102,102101,10210108,1021010802,4,1,"health inspector",2,5,4,,,,,2,
102,102101,10210108,1021010802,5,2,,,,,,,,,2,
102,102102,10210202,1021020205,1,1,,10,5,1,1,,7,6,2,
102,102102,10210202,1021020205,2,1,,11,5,1,1,,4,6,2,
102,102102,10210202,1021020205,3,1,,11,5,1,1,,6,6,2,
102,102102,10210202,1021020205,4,1,"PLAN",11,5,1,1,"MP ENTEBE MUN.",7,6,2,
102,102102,10210202,1021020205,5,2,,,,,2,,,,2,
102,102102,10210205,1021020504,1,1,,11,5,3,,,,,1,
102,102102,10210205,1021020504,2,1,,3,5,4,,,,,1,
102,102102,10210205,1021020504,3,1,,2,2014,4,,,,,1,
102,102102,10210205,1021020504,4,1,"ESA",9,5,3,,,,,1,
102,102102,10210205,1021020504,5,2,,,,,,,,,1,
102,102102,10210206,1021020601,1,1,,10,5,4,1,,10,5,3,"The school was still closed for holidays"
102,102102,10210206,1021020601,2,1,,6,2014,3,1,,6,6,3,"The school was still closed for holidays"
102,102102,10210206,1021020601,3,2,,,,,2,,,,3,"The school was still closed for holidays"
102,102102,10210206,1021020601,4,1,"HEALTH INSPECTOR",6,5,4,1,"health inspector",6,5,3,"The school was still closed for holidays"
102,102102,10210206,1021020601,5,2,,,,,2,,,,3,"The school was still closed for holidays"
102,102102,10210208,1021020805,1,1,,9,5,1,1,,2,6,1,
102,102102,10210208,1021020805,2,1,,9,5,1,1,,3,6,1,
102,102102,10210208,1021020805,3,1,,6,5,1,2,,,,1,
102,102102,10210208,1021020805,4,1,"sCHOOL MANAGEMENT COMMITTEE",7,5,1,1,"sanitation",3,6,1,
102,102102,10210208,1021020805,5,2,,,,,2,,,,1,
102,102103,10210301,1021030109,1,1,,9,5,2,1,,2,6,1,
102,102103,10210301,1021030109,2,1,,9,5,2,1,,3,6,1,
102,102103,10210301,1021030109,3,1,,8,5,2,1,,3,6,1,
102,102103,10210301,1021030109,4,1,"PEER SUPERVISOR",8,5,2,2,,,,1,
102,102103,10210301,1021030109,5,2,,,,,2,,,,1,
102,102103,10210302,1021030203,1,2,,,,,1,,3,6,1,
102,102103,10210302,1021030203,2,1,,9,5,2,1,,3,6,1,
102,102103,10210302,1021030203,3,2,,,,,2,,,,1,
102,102103,10210302,1021030203,4,2,,,,,1,"CHAIRMAN UGANDA PRIVATE SCHOOLS",3,6,1,
102,102103,10210302,1021030203,5,2,,,,,2,,,,1,
102,102103,10210304,1021030412,1,,,,,,,,,,3,"holiday"
102,102103,10210304,1021030412,2,,,,,,,,,,3,"holiday"
102,102103,10210304,1021030412,3,,,,,,,,,,3,"holiday"
102,102103,10210304,1021030412,4,,,,,,,,,,3,"holiday"
102,102103,10210304,1021030412,5,,,,,,,,,,3,"holiday"
102,102103,10210305,1021030504,1,1,,2,5,4,,,,,2,
102,102103,10210305,1021030504,2,1,,3,5,4,,,,,2,
102,102103,10210305,1021030504,3,1,,6,5,2,,,,,2,
102,102103,10210305,1021030504,4,1,"head teachers association",3,5,2,,,,,2,
102,102103,10210305,1021030504,5,1,"education and social services kcca",8,5,2,,,,,2,
102,102103,10210305,1021030509,1,,,,,,1,,5,6,3,"No Contact"
102,102103,10210305,1021030509,2,,,,,,1,,6,6,3,"No Contact"
102,102103,10210305,1021030509,3,,,,,,1,,3,6,3,"No Contact"
102,102103,10210305,1021030509,4,,,,,,1,"chairman sch man",6,6,3,"No Contact"
102,102103,10210305,1021030509,5,,,,,,2,,,,3,"No Contact"
102,102103,10210306,1021030606,1,1,,6,2014,2,1,,6,6,3,"school closed for holidays"
102,102103,10210306,1021030606,2,1,,5,2014,1,1,,5,6,3,"school closed for holidays"
102,102103,10210306,1021030606,3,1,,11,5,4,1,,11,5,3,"school closed for holidays"
102,102103,10210306,1021030606,4,1,"SMC",6,2014,1,1,"SMC",6,6,3,"school closed for holidays"
102,102103,10210306,1021030606,5,2,,,,,2,,,,3,"school closed for holidays"
102,102103,10210308,1021030803,1,2,,,,,1,,9,5,,
102,102103,10210308,1021030803,2,1,,11,5,8,2,,,,,
102,102103,10210308,1021030803,3,2,,,,,2,,,,,
102,102103,10210308,1021030803,4,1,"DIVISION OFFICIALS",6,5,2,1,"LC 3 COUNCILLOR",11,5,,
102,102103,10210308,1021030803,5,1,"WARD OFFICERS",6,3,2,1,"chairma LC 1",2,6,,
102,102103,10210309,1021030904,1,1,,6,5,4,,,,,1,
102,102103,10210309,1021030904,1,1,,6,5,4,,,,,1,
102,102103,10210309,1021030904,1,1,,6,5,4,1,,6,5,1,
102,102103,10210309,1021030904,1,1,,6,5,4,1,,6,5,1,
102,102103,10210309,1021030904,2,1,,6,5,4,1,,6,5,1,
102,102103,10210309,1021030904,2,1,,6,5,4,1,,6,5,1,
102,102103,10210309,1021030904,2,1,,6,5,4,,,,,1,
102,102103,10210309,1021030904,2,1,,6,5,4,,,,,1,
102,102103,10210309,1021030904,3,2,,,,,2,,,,1,
102,102103,10210309,1021030904,3,2,,,,,2,,,,1,
102,102103,10210309,1021030904,3,2,,,,,,,,,1,
102,102103,10210309,1021030904,3,2,,,,,,,,,1,
102,102103,10210309,1021030904,4,1,"Health Inspector",4,5,4,1,"HEALTH INSPECTOR",4,5,1,
102,102103,10210309,1021030904,4,1,"Health Inspector",4,5,4,1,"HEALTH INSPECTOR",4,5,1,
102,102103,10210309,1021030904,4,1,"Health Inspector",4,5,4,,,,,1,
102,102103,10210309,1021030904,4,1,"Health Inspector",4,5,4,,,,,1,
102,102103,10210309,1021030904,5,2,,,,,2,,,,1,
102,102103,10210309,1021030904,5,2,,,,,2,,,,1,
102,102103,10210309,1021030904,5,2,,,,,,,,,1,
102,102103,10210309,1021030904,5,2,,,,,,,,,1,
102,102103,10210312,1021031208,1,1,,10,5,8,1,,5,6,2,
102,102103,10210312,1021031208,2,1,,10,5,8,1,,4,6,2,
102,102103,10210312,1021031208,3,1,,11,5,8,1,,3,6,2,
102,102103,10210312,1021031208,4,1,"HEALTH SUPERVISOR",10,5,2,1,"ward administrator",3,6,2,
102,102103,10210312,1021031208,5,1,"DIRECTOR OF EDUCATION SERVICES",10,5,2,2,,,,2,
102,102104,10210401,1021040102,1,1,,7,2014,2,1,,7,6,3,"THE SCHOOL WAS STILL CLOSED FOR HOLIDAYS"
102,102104,10210401,1021040102,2,1,,6,2014,2,1,,6,6,3,"THE SCHOOL WAS STILL CLOSED FOR HOLIDAYS"
102,102104,10210401,1021040102,3,1,,4,2014,8,1,,4,6,3,"THE SCHOOL WAS STILL CLOSED FOR HOLIDAYS"
102,102104,10210401,1021040102,4,1,"director of education and social services",7,2014,3,1,"director of education and social services",7,6,3,"THE SCHOOL WAS STILL CLOSED FOR HOLIDAYS"
102,102104,10210401,1021040102,5,2,,,,,2,,,,3,"THE SCHOOL WAS STILL CLOSED FOR HOLIDAYS"
102,102104,10210402,1021040203,1,,,,,,,,,,3,
102,102104,10210402,1021040203,2,,,,,,,,,,3,
102,102104,10210402,1021040203,3,,,,,,,,,,3,
102,102104,10210402,1021040203,4,,,,,,,,,,3,
102,102104,10210402,1021040203,5,,,,,,,,,,3,
102,102104,10210410,1021041002,1,1,,9,5,1,1,,3,6,2,
102,102104,10210410,1021041002,2,1,,9,5,1,1,,3,6,2,
102,102104,10210410,1021041002,3,1,,9,5,1,1,,2,6,2,
102,102104,10210410,1021041002,4,1,"PTA and Management Committee",10,5,1,1,"smc",2,6,2,
102,102104,10210410,1021041002,5,1,"LC1",10,5,1,1,"religious person",3,6,2,
102,102104,10210411,1021041118,1,,,,,,1,,3,6,,
102,102104,10210411,1021041118,2,,,,,,1,,5,6,,
102,102104,10210411,1021041118,3,,,,,,1,,3,6,,
102,102104,10210411,1021041118,4,,,,,,1,"GISO",5,6,,
102,102104,10210411,1021041118,5,,,,,,1,"COUNSORS",5,6,,
102,102104,10210417,1021041701,1,1,,6,5,2,1,,6,6,3,"no one was present at school"
102,102104,10210417,1021041701,2,1,,6,5,2,1,,6,6,3,"no one was present at school"
102,102104,10210417,1021041701,3,1,,5,5,2,1,,5,6,3,"no one was present at school"
102,102104,10210417,1021041701,4,2,,,,,2,,,,3,"no one was present at school"
102,102104,10210417,1021041701,5,2,,,,,2,,,,3,"no one was present at school"
102,102104,10210419,1021041903,1,2,,,,,2,,,,3,"SCHOOL CLOSED FOR HOLIDAY"
102,102104,10210419,1021041903,2,1,,6,2014,1,1,,6,6,3,"SCHOOL CLOSED FOR HOLIDAY"
102,102104,10210419,1021041903,3,1,,3,2014,1,1,,3,6,3,"SCHOOL CLOSED FOR HOLIDAY"
102,102104,10210419,1021041903,4,1,"EDUCATION SUPERVISORS",6,2014,1,1,"EDUCATION SUPERVISORS",6,6,3,"SCHOOL CLOSED FOR HOLIDAY"
102,102104,10210419,1021041903,5,1,"HEAD TEACHERS  FROM OTHER SCHOOLS",7,2014,1,1,"HEAD TEACHERS ASS",6,6,3,"SCHOOL CLOSED FOR HOLIDAY"
102,102105,10210501,1021050106,1,1,,11,5,1,,,,,1,
102,102105,10210501,1021050106,2,1,,1,2014,1,,,,,1,
102,102105,10210501,1021050106,3,1,,7,5,2,,,,,1,
102,102105,10210501,1021050106,4,1,"SUPRVISOR FOR MGTE",10,5,4,,,,,1,
102,102105,10210501,1021050106,5,1,"ESSA",11,5,4,,,,,1,
102,102105,10210503,1021050307,1,,,,,,,,,,3,"CALL BACK. PERSON RESPONSIBLE NOT AROUND EVEN ON VISIT 2 ITS STILL AN APPOINTMENT BUT THEY ARE JUST TOSSING ME AROUND"
102,102105,10210503,1021050307,2,,,,,,,,,,3,"CALL BACK. PERSON RESPONSIBLE NOT AROUND EVEN ON VISIT 2 ITS STILL AN APPOINTMENT BUT THEY ARE JUST TOSSING ME AROUND"
102,102105,10210503,1021050307,3,,,,,,,,,,3,"CALL BACK. PERSON RESPONSIBLE NOT AROUND EVEN ON VISIT 2 ITS STILL AN APPOINTMENT BUT THEY ARE JUST TOSSING ME AROUND"
102,102105,10210503,1021050307,4,,,,,,,,,,3,"CALL BACK. PERSON RESPONSIBLE NOT AROUND EVEN ON VISIT 2 ITS STILL AN APPOINTMENT BUT THEY ARE JUST TOSSING ME AROUND"
102,102105,10210503,1021050307,5,,,,,,,,,,3,"CALL BACK. PERSON RESPONSIBLE NOT AROUND EVEN ON VISIT 2 ITS STILL AN APPOINTMENT BUT THEY ARE JUST TOSSING ME AROUND"
102,102105,10210504,1021050405,1,1,,5,2014,2,,,,,3,
102,102105,10210504,1021050405,2,1,,4,2014,2,,,,,3,
102,102105,10210504,1021050405,3,1,,3,2014,2,,,,,3,
102,102105,10210504,1021050405,4,2,,,,,,,,,3,
102,102105,10210504,1021050405,5,2,,,,,,,,,3,
102,102105,10210510,1021051004,1,,,,,,,,,,3,"THE SCHOOL HAD CLOSED FOR HOLIDAYS"
102,102105,10210510,1021051004,2,,,,,,,,,,3,"THE SCHOOL HAD CLOSED FOR HOLIDAYS"
102,102105,10210510,1021051004,3,,,,,,,,,,3,"THE SCHOOL HAD CLOSED FOR HOLIDAYS"
102,102105,10210510,1021051004,4,,,,,,,,,,3,"THE SCHOOL HAD CLOSED FOR HOLIDAYS"
102,102105,10210510,1021051004,5,,,,,,,,,,3,"THE SCHOOL HAD CLOSED FOR HOLIDAYS"
102,102105,10210513,1021051305,1,1,,5,2014,2,1,,5,6,3,"THE SCHOOL WAS CLOSED SINCE IT WAS STILL HOLIDAY TIME"
102,102105,10210513,1021051305,2,2,,,,,2,,,,3,"THE SCHOOL WAS CLOSED SINCE IT WAS STILL HOLIDAY TIME"
102,102105,10210513,1021051305,3,1,,4,2014,2,1,,4,6,3,"THE SCHOOL WAS CLOSED SINCE IT WAS STILL HOLIDAY TIME"
102,102105,10210513,1021051305,4,1,"PEER SUPERVISORS",2,2014,2,1,"PEER SUPPERVISORS",2,6,3,"THE SCHOOL WAS CLOSED SINCE IT WAS STILL HOLIDAY TIME"
102,102105,10210513,1021051305,5,2,,,,,2,,,,3,"THE SCHOOL WAS CLOSED SINCE IT WAS STILL HOLIDAY TIME"
102,102105,10210515,1021051506,1,1,,10,5,1,1,,5,6,2,
102,102105,10210515,1021051506,2,1,,10,5,1,1,,4,6,2,
102,102105,10210515,1021051506,3,1,,10,5,1,1,,3,6,2,
102,102105,10210515,1021051506,4,1,"NAKAWA HEAD TEACHERS ASS",10,5,2,1,"SMC",5,6,2,
102,102105,10210515,1021051506,5,1,"INTERNAL SUPERVION",11,5,1,2,,,,2,
102,102105,10210518,1021051832,1,,,,,,1,,2,6,1,
102,102105,10210518,1021051832,2,,,,,,1,,3,6,1,
102,102105,10210518,1021051832,3,,,,,,1,,10,5,1,
102,102105,10210518,1021051832,4,,,,,,1,,2,6,1,
102,102105,10210518,1021051832,5,,,,,,2,,,,1,
103,103105,10310505,1031050505,1,,,,,,2,,,,3,"On holiday"
103,103105,10310505,1031050505,2,,,,,,1,,6,6,3,"On holiday"
103,103105,10310505,1031050505,3,,,,,,1,,2,6,3,"On holiday"
103,103105,10310505,1031050505,4,,,,,,2,,,,3,"On holiday"
103,103105,10310505,1031050505,5,,,,,,2,,,,3,"On holiday"
104,104102,10410204,1041020405,1,1,,5,5,8,1,,2,6,1,
104,104102,10410204,1041020405,2,1,,5,5,8,1,,2,6,1,
104,104102,10410204,1041020405,3,2,,,,,2,,,,1,
104,104102,10410204,1041020405,4,1,"Headteachers Council",9,5,2,1,"Headteachers committee",2,6,1,
104,104102,10410204,1041020405,5,2,,,,,2,,,,1,
104,104104,10410403,1041040304,1,1,,10,5,2,1,,5,6,2,
104,104104,10410403,1041040304,2,1,,11,5,2,1,,5,6,2,
104,104104,10410403,1041040304,3,1,,11,5,2,1,,5,6,2,
104,104104,10410403,1041040304,4,2,,,,,2,,,,2,
104,104104,10410403,1041040304,5,2,,,,,2,,,,2,
104,104105,10410504,1041050403,1,1,,11,5,2,1,,6,6,1,
104,104105,10410504,1041050403,2,1,,11,5,2,2,,,,1,
104,104105,10410504,1041050403,3,1,,12,5,2,1,,5,6,1,
104,104105,10410504,1041050403,4,1,"REVLAND CHURCH OF UGANDA. LUWERO",2,5,8,2,,,,1,
104,104105,10410504,1041050403,5,2,,,,,2,,,,1,
104,104208,10420804,1042080404,1,1,,11,5,1,1,,5,6,2,
104,104208,10420804,1042080404,2,1,,10,5,8,1,,5,6,2,
104,104208,10420804,1042080404,3,1,,11,5,8,1,,4,6,2,
104,104208,10420804,1042080404,4,1,"MINISTRY OF EDUCATION",6,5,8,2,,,,2,
104,104208,10420804,1042080404,5,2,,,,,2,,,,2,
105,105105,10510502,1051050201,1,1,,9,5,8,1,,3,6,2,
105,105105,10510502,1051050201,2,1,,9,5,8,1,,3,6,2,
105,105105,10510502,1051050201,3,1,,1,5,4,1,,3,6,2,
105,105105,10510502,1051050201,4,1,"Diocese Office",6,5,4,1,"Diocese committe",2,6,2,
105,105105,10510502,1051050201,5,2,,,,,2,,,,2,
106,106101,10610101,1061010108,1,1,,9,5,2,1,,3,6,1,
106,106101,10610101,1061010108,2,1,,10,5,2,1,,3,6,1,
106,106101,10610101,1061010108,3,1,,11,5,2,1,,5,6,1,
106,106101,10610101,1061010108,4,2,,,,,2,,,,1,
106,106101,10610101,1061010108,5,2,,,,,2,,,,1,
106,106101,10610109,1061010902,1,,,,,,1,,3,5,3,"On holiday"
106,106101,10610109,1061010902,2,,,,,,1,,4,6,3,"On holiday"
106,106101,10610109,1061010902,3,,,,,,1,,4,6,3,"On holiday"
106,106101,10610109,1061010902,4,,,,,,2,,,,3,"On holiday"
106,106101,10610109,1061010902,5,,,,,,2,,,,3,"On holiday"
106,106106,10610606,1061060602,1,1,,9,5,3,1,,4,6,1,
106,106106,10610606,1061060602,2,1,,7,5,2,1,,3,6,1,
106,106106,10610606,1061060602,3,1,,7,5,2,1,,3,6,1,
106,106106,10610606,1061060602,4,2,,,,,2,,,,1,
106,106106,10610606,1061060602,5,2,,,,,2,,,,1,
107,107105,10710503,1071050302,1,1,,9,5,2,1,,3,6,1,
107,107105,10710503,1071050302,2,1,,9,5,2,1,,3,6,1,
107,107105,10710503,1071050302,3,1,,7,5,2,1,,11,5,1,
107,107105,10710503,1071050302,4,1,"Town Council officials",7,5,2,1,"Town Clerk",11,5,1,
107,107105,10710503,1071050302,5,2,,,,,2,,,,1,
107,107105,10710505,1071050503,1,1,,11,5,1,1,,6,6,1,
107,107105,10710505,1071050503,2,1,,11,5,2,1,,3,6,1,
107,107105,10710505,1071050503,3,1,,11,5,1,1,,7,6,1,
107,107105,10710505,1071050503,4,1,"UPDF committe",2,2014,8,1,"UPDF committee",7,5,1,
107,107105,10710505,1071050503,5,2,,,,,2,,,,1,
107,107202,10720206,1072020601,1,2,,,,,2,,,,1,
107,107202,10720206,1072020601,2,2,,,,,2,,,,1,
107,107202,10720206,1072020601,3,2,,,,,2,,,,1,
107,107202,10720206,1072020601,4,1,"LC3 chairperson",10,5,3,1,"LC 3 chairperson",3,6,1,
107,107202,10720206,1072020601,5,2,,,,,2,,,,1,
107,107302,10730203,1073020305,1,2,,,,,2,,,,3,"On holiday"
107,107302,10730203,1073020305,2,1,,2,2014,3,1,,2,6,3,"On holiday"
107,107302,10730203,1073020305,3,1,,6,2014,2,1,,6,6,3,"On holiday"
107,107302,10730203,1073020305,4,1,"Dioces",6,2014,8,1,"Diocese",6,6,3,"On holiday"
107,107302,10730203,1073020305,5,1,"Subcounty chief",7,2014,1,1,"Sub-county chief",7,6,3,"On holiday"
107,107305,10730507,1073050702,1,,,,,,1,,2,1,3,"On holiday"
107,107305,10730507,1073050702,2,,,,,,1,,2,6,3,"On holiday"
107,107305,10730507,1073050702,3,,,,,,1,,3,6,3,"On holiday"
107,107305,10730507,1073050702,4,,,,,,1,"church body Foundatim",3,6,3,"On holiday"
107,107305,10730507,1073050702,5,,,,,,2,,,,3,"On holiday"
108,108106,10810603,1081060309,1,,,,,,1,,4,6,3,"On holiday"
108,108106,10810603,1081060309,2,,,,,,1,,2,6,3,"On holiday"
108,108106,10810603,1081060309,3,,,,,,1,,7,6,3,"On holiday"
108,108106,10810603,1081060309,4,,,,,,1,"Lugazi Diocese",3,6,3,"On holiday"
108,108106,10810603,1081060309,5,,,,,,2,,,,3,"On holiday"
108,108301,10830101,1083010101,1,,,,,,,,,,3,"On holiday"
108,108301,10830101,1083010101,2,,,,,,,,,,3,"On holiday"
108,108301,10830101,1083010101,3,,,,,,,,,,3,"On holiday"
108,108301,10830101,1083010101,4,,,,,,,,,,3,"On holiday"
108,108301,10830101,1083010101,5,,,,,,,,,,3,"On holiday"
108,108301,10830105,1083010505,1,,,,,,1,,2,6,3,"On holiday"
108,108301,10830105,1083010505,2,,,,,,1,,3,6,3,"On holiday"
108,108301,10830105,1083010505,3,,,,,,1,,6,6,3,"On holiday"
108,108301,10830105,1083010505,4,,,,,,1,"Local council officials",4,6,3,"On holiday"
108,108301,10830105,1083010505,5,,,,,,2,,,,3,"On holiday"
108,108305,10830502,1083050204,1,1,,9,5,4,1,,9,5,1,
108,108305,10830502,1083050204,2,1,,7,5,2,1,,9,5,1,
108,108305,10830502,1083050204,3,1,,7,5,2,1,,3,6,1,
108,108305,10830502,1083050204,4,2,,,,,1,,2,6,1,
108,108305,10830502,1083050204,5,2,,,,,2,,,,1,
110,110105,11010501,1101050107,1,1,,7,2014,3,1,,7,6,1,
110,110105,11010501,1101050107,2,1,,7,2014,3,1,,10,5,1,
110,110105,11010501,1101050107,3,1,,6,5,2,2,,,,1,
110,110105,11010501,1101050107,4,1,"Subcounty offficials",6,5,2,1,"Sub county Chief",6,6,1,
110,110105,11010501,1101050107,5,2,,,,,2,,,,1,
110,110203,11020306,1102030601,1,1,,2,5,2,1,,2,5,2,
110,110203,11020306,1102030601,2,1,,2,5,2,1,,2,5,2,
110,110203,11020306,1102030601,3,1,,5,5,3,1,,5,5,2,
110,110203,11020306,1102030601,4,2,,,,,2,,,,2,
110,110203,11020306,1102030601,5,2,,,,,2,,,,2,
110,110204,11020401,1102040107,1,,,,,,1,,3,5,3,"On holiday"
110,110204,11020401,1102040107,2,,,,,,1,,3,5,3,"On holiday"
110,110204,11020401,1102040107,3,,,,,,1,,3,5,3,"On holiday"
110,110204,11020401,1102040107,4,,,,,,1,"Govnmbolola chief",5,5,3,"On holiday"
110,110204,11020401,1102040107,5,,,,,,2,,,,3,"On holiday"
110,110206,11020603,1102060309,1,2,,,,,,,,,2,
110,110206,11020603,1102060309,2,1,,9,5,2,,,,,2,
110,110206,11020603,1102060309,3,2,,,,,,,,,2,
110,110206,11020603,1102060309,4,2,,,,,,,,,2,
110,110206,11020603,1102060309,5,2,,,,,,,,,2,
110,110207,11020704,1102070403,1,1,,6,5,1,1,,6,5,1,
110,110207,11020704,1102070403,2,2,,,,,2,,,,1,
110,110207,11020704,1102070403,3,1,,7,5,2,1,,3,6,1,
110,110207,11020704,1102070403,4,2,,,,,1,,2,6,1,
110,110207,11020704,1102070403,5,2,,,,,2,,,,1,
110,110305,11030501,1103050102,1,1,,11,5,2,1,,10,5,1,
110,110305,11030501,1103050102,2,1,,6,5,3,2,,,,1,
110,110305,11030501,1103050102,3,1,,11,5,2,1,,3,5,1,
110,110305,11030501,1103050102,4,2,,,,,2,,,,1,
110,110305,11030501,1103050102,5,2,,,,,2,,,,1,
110,110306,11030601,1103060102,1,1,,11,5,2,1,,5,6,2,
110,110306,11030601,1103060102,2,1,,11,5,2,1,,5,6,2,
110,110306,11030601,1103060102,3,1,,11,5,2,1,,5,6,2,
110,110306,11030601,1103060102,4,2,,,,,2,,,,2,
110,110306,11030601,1103060102,5,2,,,,,2,,,,2,
111,111102,11110201,1111020105,1,2,,,,,1,,4,6,1,
111,111102,11110201,1111020105,2,1,,3,5,3,1,,3,5,1,
111,111102,11110201,1111020105,3,1,,7,5,8,1,,3,6,1,
111,111102,11110201,1111020105,4,2,,,,,2,,,,1,
111,111102,11110201,1111020105,5,2,,,,,2,,,,1,
111,111202,11120204,1112020403,1,1,,10,5,2,1,,6,6,1,
111,111202,11120204,1112020403,2,1,,10,5,2,1,,6,6,1,
111,111202,11120204,1112020403,3,1,,7,5,2,1,,3,6,1,
111,111202,11120204,1112020403,4,2,,,,,2,,,,1,
111,111202,11120204,1112020403,5,2,,,,,2,,,,1,
111,111202,11120206,1112020618,1,1,,11,5,2,2,,,,1,
111,111202,11120206,1112020618,2,1,,11,5,2,1,,7,6,1,
111,111202,11120206,1112020618,3,1,,11,5,2,2,,,,1,
111,111202,11120206,1112020618,4,2,,,,,2,,,,1,
111,111202,11120206,1112020618,5,2,,,,,2,,,,1,
112,112102,11210203,1121020302,1,1,,9,5,2,1,,4,6,2,
112,112102,11210203,1121020302,2,1,,3,5,2,1,,2,6,2,
112,112102,11210203,1121020302,3,1,,10,5,2,1,,3,6,2,
112,112102,11210203,1121020302,4,1,"LC III",3,5,8,1,"CHIEF ADMINISTRATIVE OFFICER",2,6,2,
112,112102,11210203,1121020302,5,2,,,,,2,,,,2,
112,112104,11210402,1121040209,1,1,,10,5,2,1,,7,6,1,
112,112104,11210402,1121040209,2,1,,10,5,2,1,,6,6,1,
112,112104,11210402,1121040209,3,1,,11,5,2,1,,6,6,1,
112,112104,11210402,1121040209,4,2,,,,,2,,,,1,
112,112104,11210402,1121040209,5,2,,,,,2,,,,1,
112,112203,11220301,1122030104,1,,,,,,1,,6,6,3,"On holiday"
112,112203,11220301,1122030104,2,,,,,,1,,6,6,3,"On holiday"
112,112203,11220301,1122030104,3,,,,,,1,,3,6,3,"On holiday"
112,112203,11220301,1122030104,4,,,,,,1,"Subconty Internal Security",5,6,3,"On holiday"
112,112203,11220301,1122030104,5,,,,,,2,,,,3,"On holiday"
112,112204,11220403,1122040303,1,1,,2,5,3,1,,2,6,1,
112,112204,11220403,1122040303,2,1,,6,5,2,1,,6,5,1,
112,112204,11220403,1122040303,3,1,,10,5,2,1,,4,6,1,
112,112204,11220403,1122040303,4,1,"Ministry of Education",10,5,2,2,,,,1,
112,112204,11220403,1122040303,5,2,,,,,2,,,,1,
113,113105,11310504,1131050402,1,,,,,,1,,5,6,3,"On holiday"
113,113105,11310504,1131050402,2,,,,,,1,,6,6,3,"On holiday"
113,113105,11310504,1131050402,3,,,,,,1,,4,6,3,"On holiday"
113,113105,11310504,1131050402,4,,,,,,1,"Sub-county chief",6,6,3,"On holiday"
113,113105,11310504,1131050402,5,,,,,,2,,,,3,"On holiday"
113,113105,11310505,1131050505,1,1,,9,5,1,1,,2,6,1,
113,113105,11310505,1131050505,2,1,,9,5,1,1,,2,6,1,
113,113105,11310505,1131050505,3,1,,9,5,1,1,,3,6,1,
113,113105,11310505,1131050505,4,1,"CAO",10,5,1,1,"3",2,6,1,
113,113105,11310505,1131050505,5,1,"Health inspector",8,5,1,1,"2",2,6,1,
113,113111,11311102,1131110205,1,1,,10,5,2,,,,,1,
113,113111,11311102,1131110205,2,1,,10,5,2,,,,,1,
113,113111,11311102,1131110205,3,1,,10,5,2,,,,,1,
113,113111,11311102,1131110205,4,1,"Ministry of Education",9,5,2,,,,,1,
113,113111,11311102,1131110205,5,1,"Church body",3,5,2,,,,,1,
113,113112,11311203,1131120307,1,2,,,,,1,,3,6,1,
113,113112,11311203,1131120307,2,1,,9,5,8,1,,3,6,1,
113,113112,11311203,1131120307,3,1,,7,5,8,1,,4,6,1,
113,113112,11311203,1131120307,4,1,"LC 3",9,5,2,2,,,,1,
113,113112,11311203,1131120307,5,2,,,,,2,,,,1,
113,113113,11311302,1131130204,1,1,,11,5,2,1,,3,6,1,
113,113113,11311302,1131130204,2,1,,11,5,2,1,,3,6,1,
113,113113,11311302,1131130204,3,1,,6,5,4,1,,6,6,1,
113,113113,11311302,1131130204,4,2,,,,,2,,,,1,
113,113113,11311302,1131130204,5,2,,,,,2,,,,1,
113,113113,11311306,1131130602,1,1,,11,5,1,1,,5,6,1,
113,113113,11311306,1131130602,2,1,,11,5,2,1,,3,6,1,
113,113113,11311306,1131130602,3,1,,7,5,3,1,,3,6,1,
113,113113,11311306,1131130602,4,1,"Local government",10,5,2,1,"Local government",3,6,1,
113,113113,11311306,1131130602,5,2,,,,,2,,,,1,
113,113303,11330301,1133030101,1,1,,11,5,3,1,,6,6,,
113,113303,11330301,1133030101,2,1,,11,5,3,1,,4,6,,
113,113303,11330301,1133030101,3,1,,10,5,4,1,,6,6,,
113,113303,11330301,1133030101,4,2,,,,,2,,,,,
113,113303,11330301,1133030101,5,2,,,,,2,,,,,
113,113303,11330301,1133030109,1,,,,,,1,,7,6,3,"On holiday"
113,113303,11330301,1133030109,2,,,,,,1,,7,6,3,"On holiday"
113,113303,11330301,1133030109,3,,,,,,1,,6,6,3,"On holiday"
113,113303,11330301,1133030109,4,,,,,,2,,,,3,"On holiday"
113,113303,11330301,1133030109,5,,,,,,2,,,,3,"On holiday"
113,113303,11330305,1133030504,1,1,,2,2014,2,1,,2,6,1,
113,113303,11330305,1133030504,2,1,,2,2014,1,1,,2,6,1,
113,113303,11330305,1133030504,3,1,,3,2014,1,1,,3,6,1,
113,113303,11330305,1133030504,4,1,"School management committe",2,2014,2,1,"School management",2,6,1,
113,113303,11330305,1133030504,5,2,,,,,2,,,,1,
113,113304,11330403,1133040308,1,1,,2,2014,8,,,,,1,
113,113304,11330403,1133040308,2,1,,11,5,8,,,,,1,
113,113304,11330403,1133040308,3,1,,11,5,1,,,,,1,
113,113304,11330403,1133040308,4,2,,,,,,,,,1,
113,113304,11330403,1133040308,5,2,,,,,,,,,1,
113,113306,11330606,1133060601,1,1,,10,5,4,2,,,,1,
113,113306,11330606,1133060601,2,2,,,,,1,,5,6,1,
113,113306,11330606,1133060601,3,1,,10,5,2,1,,3,6,1,
113,113306,11330606,1133060601,4,2,,,,,2,,,,1,
113,113306,11330606,1133060601,5,2,,,,,2,,,,1,
113,113307,11330701,1133070102,1,1,,11,5,2,1,,3,6,1,
113,113307,11330701,1133070102,2,1,,10,5,2,1,,3,6,1,
113,113307,11330701,1133070102,3,1,,11,5,1,1,,5,6,1,
113,113307,11330701,1133070102,4,2,,,,,2,,,,1,
113,113307,11330701,1133070102,5,2,,,,,2,,,,1,
115,115103,11510302,1151030204,1,1,,2,2014,8,1,,2,6,3,"Weekend"
115,115103,11510302,1151030204,2,1,,2,2014,8,1,,2,6,3,"Weekend"
115,115103,11510302,1151030204,3,1,,3,2014,1,1,,3,6,3,"Weekend"
115,115103,11510302,1151030204,4,1,"Diocese",4,2014,4,1,"Cayholic Diocese",4,6,3,"Weekend"
115,115103,11510302,1151030204,5,2,,,,,2,,,,3,"Weekend"
115,115104,11510403,1151040307,1,,,,,,2,,,,3,"on holiday"
115,115104,11510403,1151040307,2,,,,,,1,,6,6,3,"on holiday"
115,115104,11510403,1151040307,3,,,,,,1,,7,6,3,"on holiday"
115,115104,11510403,1151040307,4,,,,,,2,,,,3,"on holiday"
115,115104,11510403,1151040307,5,,,,,,2,,,,3,"on holiday"
115,115202,11520209,1152020907,1,1,,8,5,2,1,,2,6,1,
115,115202,11520209,1152020907,2,2,,,,,1,,2,6,1,
115,115202,11520209,1152020907,3,1,,8,5,2,1,,3,6,1,
115,115202,11520209,1152020907,4,1,"Foundation Church",9,5,8,1,"Head teachers committee",3,6,1,
115,115202,11520209,1152020907,5,1,"Sub conuty security officer",8,5,2,2,,,,1,
115,115203,11520307,1152030702,1,1,,9,5,4,1,,6,6,1,
115,115203,11520307,1152030702,2,1,,4,5,4,1,,6,6,1,
115,115203,11520307,1152030702,3,1,,6,5,3,1,,3,6,1,
115,115203,11520307,1152030702,4,2,,,,,2,,,,1,
115,115203,11520307,1152030702,5,2,,,,,2,,,,1,
115,115205,11520504,1152050405,1,1,,11,5,8,1,,7,6,1,
115,115205,11520504,1152050405,2,1,,11,5,8,1,,7,6,1,
115,115205,11520504,1152050405,3,1,,11,5,2,1,,5,6,1,
115,115205,11520504,1152050405,4,2,,,,,2,,,,1,
115,115205,11520504,1152050405,5,2,,,,,2,,,,1,
115,115207,11520703,1152070306,1,1,,9,5,2,1,,2,6,1,
115,115207,11520703,1152070306,2,1,,11,5,2,1,,7,6,1,
115,115207,11520703,1152070306,3,1,,11,5,2,2,,,,1,
115,115207,11520703,1152070306,4,2,,,,,1,"Doicese",6,6,1,
115,115207,11520703,1152070306,5,2,,,,,2,,,,1,
116,116102,11610205,1161020501,1,1,,6,5,2,1,,6,5,1,
116,116102,11610205,1161020501,2,1,,8,5,8,1,,2,6,1,
116,116102,11610205,1161020501,3,1,,7,5,8,1,,11,5,1,
116,116102,11610205,1161020501,4,2,,,,,2,,,,1,
116,116102,11610205,1161020501,5,2,,,,,2,,,,1,
117,117103,11710308,1171030802,1,1,,9,5,4,1,,4,6,1,
117,117103,11710308,1171030802,2,1,,6,5,4,1,,9,5,1,
117,117103,11710308,1171030802,3,1,,4,5,1,1,,9,5,1,
117,117103,11710308,1171030802,4,2,,,,,2,,,,1,
117,117103,11710308,1171030802,5,1,"Sub county Chief",8,5,1,1,"Sub-county chiefs",3,6,1,
117,117104,11710405,1171040504,1,1,,6,5,3,1,,2,6,1,
117,117104,11710405,1171040504,2,1,,6,5,2,1,,2,6,1,
117,117104,11710405,1171040504,3,1,,7,5,8,1,,4,6,1,
117,117104,11710405,1171040504,4,1,"Founder Body",9,5,2,1,"Founder body",2,6,1,
117,117104,11710405,1171040504,5,2,,,,,2,,,,1,
117,117110,11711003,1171100309,1,,,,,,,,,,3,"On holiday"
117,117110,11711003,1171100309,2,,,,,,,,,,3,"On holiday"
117,117110,11711003,1171100309,3,,,,,,,,,,3,"On holiday"
117,117110,11711003,1171100309,4,,,,,,,,,,3,"On holiday"
117,117110,11711003,1171100309,5,,,,,,,,,,3,"On holiday"
117,117110,11711003,1171100312,1,2,,,,,1,,11,5,1,
117,117110,11711003,1171100312,2,1,,4,5,2,1,,11,5,1,
117,117110,11711003,1171100312,3,2,,,,,1,,7,5,1,
117,117110,11711003,1171100312,4,2,,,,,2,,,,1,
117,117110,11711003,1171100312,5,2,,,,,2,,,,1,
118,118101,11810104,1181010407,1,1,,9,5,8,1,,9,5,1,
118,118101,11810104,1181010407,2,1,,10,5,8,1,,11,5,1,
118,118101,11810104,1181010407,3,1,,4,5,4,1,,3,6,1,
118,118101,11810104,1181010407,4,2,,,,,2,,,,1,
118,118101,11810104,1181010407,5,2,,,,,2,,,,1,
119,119103,11910303,1191030304,1,1,,8,5,2,1,,8,5,1,
119,119103,11910303,1191030304,2,1,,8,5,2,1,,11,5,1,
119,119103,11910303,1191030304,3,1,,7,5,8,2,,,,1,
119,119103,11910303,1191030304,4,2,,,,,2,,,,1,
119,119103,11910303,1191030304,5,2,,,,,2,,,,1,
120,120105,12010502,1201050202,1,2,,,,,2,,,,1,
120,120105,12010502,1201050202,2,2,,,,,2,,,,1,
120,120105,12010502,1201050202,3,2,,,,,2,,,,1,
120,120105,12010502,1201050202,4,2,,,,,2,,,,1,
120,120105,12010502,1201050202,5,2,,,,,2,,,,1,
122,122102,12210206,1221020604,1,1,,10,5,2,,,,,1,
122,122102,12210206,1221020604,2,1,,4,5,3,,,,,1,
122,122102,12210206,1221020604,3,1,,8,5,4,,,,,1,
122,122102,12210206,1221020604,4,1,"Diocese office",2,2014,2,,,,,1,
122,122102,12210206,1221020604,5,2,,,,,,,,,1,
122,122105,12210502,1221050203,1,1,,9,5,2,,,,,1,
122,122105,12210502,1221050203,2,1,,9,5,8,,,,,1,
122,122105,12210502,1221050203,3,1,,9,5,8,,,,,1,
122,122105,12210502,1221050203,4,2,,,,,,,,,1,
122,122105,12210502,1221050203,5,2,,,,,,,,,1,
122,122106,12210602,1221060206,1,1,,9,5,2,1,,12,5,1,
122,122106,12210602,1221060206,2,1,,10,5,2,1,,2,6,1,
122,122106,12210602,1221060206,3,1,,8,5,1,1,,3,6,1,
122,122106,12210602,1221060206,4,1,"Deputy C.A.O",9,5,8,1,"subcounty officials",3,6,1,
122,122106,12210602,1221060206,5,1,"Subcounty Officials",9,5,8,2,,,,1,
123,123108,12310803,1231080303,1,1,,11,5,2,1,,7,6,1,
123,123108,12310803,1231080303,2,1,,11,5,2,1,,7,6,1,
123,123108,12310803,1231080303,3,1,,11,5,2,1,,7,6,1,
123,123108,12310803,1231080303,4,2,,,,,1,"HEALTH INSPECTOR",7,6,1,
123,123108,12310803,1231080303,5,2,,,,,2,,,,1,
124,124101,12410106,1241010603,1,1,,11,5,8,1,,3,6,2,
124,124101,12410106,1241010603,2,1,,10,5,8,1,,2,6,2,
124,124101,12410106,1241010603,3,1,,8,5,2,1,,3,6,2,
124,124101,12410106,1241010603,4,2,,,,,2,,,,2,
124,124101,12410106,1241010603,5,2,,,,,2,,,,2,
124,124103,12410302,1241030216,1,,,,,,1,,6,6,3,"Over a weekend"
124,124103,12410302,1241030216,2,,,,,,1,,6,6,3,"Over a weekend"
124,124103,12410302,1241030216,3,,,,,,1,,8,6,3,"Over a weekend"
124,124103,12410302,1241030216,4,,,,,,1,"Parish pries",7,6,3,"Over a weekend"
124,124103,12410302,1241030216,5,,,,,,2,,,,3,"Over a weekend"
124,124104,12410401,1241040102,1,1,,6,5,1,1,,3,6,1,
124,124104,12410401,1241040102,2,1,,6,5,1,1,,3,6,1,
124,124104,12410401,1241040102,3,1,,7,5,1,1,,3,6,1,
124,124104,12410401,1241040102,4,1,"Town Counci Officials",7,5,2,1,"Subcounty",2,6,1,
124,124104,12410401,1241040102,5,2,,,,,2,,,,1,
124,124107,12410701,1241070106,1,1,,8,5,2,1,,4,6,1,
124,124107,12410701,1241070106,2,1,,7,5,2,1,,4,6,1,
124,124107,12410701,1241070106,3,1,,10,5,1,1,,3,6,1,
124,124107,12410701,1241070106,4,2,,,,,1,"District Councilors",4,6,1,
124,124107,12410701,1241070106,5,2,,,,,1,"Church representatives",3,6,1,
124,124108,12410802,1241080210,1,1,,8,5,3,1,,3,6,2,
124,124108,12410802,1241080210,2,1,,9,5,2,1,,3,6,2,
124,124108,12410802,1241080210,3,1,,5,5,2,2,,,,2,
124,124108,12410802,1241080210,4,2,,,,,2,,,,2,
124,124108,12410802,1241080210,5,2,,,,,2,,,,2,
201,201106,20110602,2011060205,1,2,,,,,,,,,1,
201,201106,20110602,2011060205,1,2,,,,,,,,,1,
201,201106,20110602,2011060205,1,2,,,,,1,,3,6,1,
201,201106,20110602,2011060205,1,2,,,,,1,,3,6,1,
201,201106,20110602,2011060205,2,1,,9,5,2,,,,,1,
201,201106,20110602,2011060205,2,1,,9,5,2,,,,,1,
201,201106,20110602,2011060205,2,1,,9,5,2,1,,9,5,1,
201,201106,20110602,2011060205,2,1,,9,5,2,1,,9,5,1,
201,201106,20110602,2011060205,3,1,,8,5,2,1,,10,5,1,
201,201106,20110602,2011060205,3,1,,8,5,2,1,,10,5,1,
201,201106,20110602,2011060205,3,1,,8,5,2,,,,,1,
201,201106,20110602,2011060205,3,1,,8,5,2,,,,,1,
201,201106,20110602,2011060205,4,1,"DISTRICT ASSESORS",7,5,8,,,,,1,
201,201106,20110602,2011060205,4,1,"DISTRICT ASSESORS",7,5,8,,,,,1,
201,201106,20110602,2011060205,4,1,"DISTRICT ASSESORS",7,5,8,1,"parish chief",3,6,1,
201,201106,20110602,2011060205,4,1,"DISTRICT ASSESORS",7,5,8,1,"parish chief",3,6,1,
201,201106,20110602,2011060205,5,1,"SCHOOL MGT COMMITEE",9,5,8,,,,,1,
201,201106,20110602,2011060205,5,1,"SCHOOL MGT COMMITEE",9,5,8,,,,,1,
201,201106,20110602,2011060205,5,1,"SCHOOL MGT COMMITEE",9,5,8,2,,,,1,
201,201106,20110602,2011060205,5,1,"SCHOOL MGT COMMITEE",9,5,8,2,,,,1,
201,201110,20111009,2011100902,1,,,,,,1,,3,6,3,"Away for holidays"
201,201110,20111009,2011100902,2,,,,,,1,,6,6,3,"Away for holidays"
201,201110,20111009,2011100902,3,,,,,,1,,6,6,3,"Away for holidays"
201,201110,20111009,2011100902,4,,,,,,1,"chairman management",7,6,3,"Away for holidays"
201,201110,20111009,2011100902,5,,,,,,1,"lc 3 councilor",3,6,3,"Away for holidays"
203,203202,20320203,2032020304,1,,,,,,,,,,3,"OFF for HOLIDAY. HM NOT FOUND"
203,203202,20320203,2032020304,2,,,,,,,,,,3,"OFF for HOLIDAY. HM NOT FOUND"
203,203202,20320203,2032020304,3,,,,,,,,,,3,"OFF for HOLIDAY. HM NOT FOUND"
203,203202,20320203,2032020304,4,,,,,,,,,,3,"OFF for HOLIDAY. HM NOT FOUND"
203,203202,20320203,2032020304,5,,,,,,,,,,3,"OFF for HOLIDAY. HM NOT FOUND"
203,203301,20330101,2033010101,1,,,,,,1,,3,6,1,
203,203301,20330101,2033010101,2,,,,,,1,,3,6,1,
203,203301,20330101,2033010101,3,,,,,,1,,2,6,1,
203,203301,20330101,2033010101,4,,,,,,1,"sub county chief",2,6,1,
203,203301,20330101,2033010101,5,,,,,,2,,,,1,
203,203303,20330304,2033030403,1,,,,,,1,,5,6,3,"Away for holiday."
203,203303,20330304,2033030403,2,,,,,,1,,6,6,3,"Away for holiday."
203,203303,20330304,2033030403,3,,,,,,1,,6,6,3,"Away for holiday."
203,203303,20330304,2033030403,4,,,,,,1,"chairman sch. man",7,6,3,"Away for holiday."
203,203303,20330304,2033030403,5,,,,,,2,,,,3,"Away for holiday."
204,204101,20410103,2041010302,1,,,,,,1,,4,6,,
204,204101,20410103,2041010302,2,,,,,,1,,4,6,,
204,204101,20410103,2041010302,3,,,,,,1,,3,6,,
204,204101,20410103,2041010302,4,,,,,,1,,1,6,,
204,204101,20410103,2041010302,5,,,,,,2,,,,,
204,204102,20410204,2041020405,1,2,,,,,1,,2,6,2,
204,204102,20410204,2041020405,2,1,,11,5,2,1,,9,5,2,
204,204102,20410204,2041020405,3,1,,10,5,2,1,,3,6,2,
204,204102,20410204,2041020405,4,1,"SCHOOL MGT COMMITEE",11,5,8,1,"DISTRICT COUNCILORS",3,6,2,
204,204102,20410204,2041020405,5,1,"LOCAL cOUNCIL",11,5,8,1,"LC 3 CHAIRMAN",2,6,2,
204,204203,20420301,2042030105,1,1,,10,5,8,1,,7,6,1,
204,204203,20420301,2042030105,2,1,,10,5,8,1,,6,6,1,
204,204203,20420301,2042030105,3,1,,9,5,8,2,,,,1,
204,204203,20420301,2042030105,4,1,"Division Officials",10,5,8,2,,,,1,
204,204203,20420301,2042030105,5,2,,,,,2,,,,1,
204,204301,20430101,2043010103,1,1,,11,5,4,2,,,,1,
204,204301,20430101,2043010103,2,1,,11,5,8,1,,4,6,1,
204,204301,20430101,2043010103,3,1,,11,5,8,1,,6,6,1,
204,204301,20430101,2043010103,4,1,"`SUB COUNTY CHIEF",9,5,2,1,"LC3 COUNCILLOR",6,6,1,
204,204301,20430101,2043010103,5,1,"LC V",11,5,2,1,"DISTRCT COUNCILOT",6,6,1,
204,204301,20430102,2043010202,1,1,,10,5,4,1,,10,5,2,
204,204301,20430102,2043010202,2,1,,9,5,8,1,,6,5,2,
204,204301,20430102,2043010202,3,1,,10,5,1,1,,10,5,2,
204,204301,20430102,2043010202,4,1,"Zonal Inspector",3,5,8,1,"district councillor",6,6,2,
204,204301,20430102,2043010202,5,1,"Sub County",10,5,8,2,,,,2,
204,204302,20430205,2043020514,1,1,,3,5,4,1,,7,6,2,
204,204302,20430205,2043020514,2,1,,11,5,2,1,,5,6,2,
204,204302,20430205,2043020514,3,2,,,,,1,,9,5,2,
204,204302,20430205,2043020514,4,1,"Sub CountyAssessor",11,5,1,1,"LC 3",7,6,2,
204,204302,20430205,2043020514,5,1,"Sub county chief",12,5,4,1,"LC3 COUNCILLOR",6,6,2,
205,205104,20510401,2051040101,1,1,,9,5,8,1,,7,6,1,
205,205104,20510401,2051040101,2,1,,10,5,8,1,,6,6,1,
205,205104,20510401,2051040101,3,1,,6,5,8,1,,7,6,1,
205,205104,20510401,2051040101,4,1,"inspector of schools",1,2014,8,1,"inspector from bugabula north",7,6,1,
205,205104,20510401,2051040101,5,2,,,,,2,,,,1,
207,207103,20710301,2071030105,1,,,,,,1,,11,5,3,"THE SCHOOL WAS CLOSED FOR HOLIDAYS"
207,207103,20710301,2071030105,2,,,,,,1,,11,5,3,"THE SCHOOL WAS CLOSED FOR HOLIDAYS"
207,207103,20710301,2071030105,3,,,,,,1,,7,6,3,"THE SCHOOL WAS CLOSED FOR HOLIDAYS"
207,207103,20710301,2071030105,4,,,,,,1,"CHAIRMAN SCHOOL MANAGMENT COMMITTEE",7,6,3,"THE SCHOOL WAS CLOSED FOR HOLIDAYS"
207,207103,20710301,2071030105,5,,,,,,1,"SUBCOUNTY CHIEF",7,6,3,"THE SCHOOL WAS CLOSED FOR HOLIDAYS"
208,208102,20810214,2081021402,1,2,,,,,,,,,1,
208,208102,20810214,2081021402,1,2,,,,,,,,,1,
208,208102,20810214,2081021402,2,1,,11,5,1,,,,,1,
208,208102,20810214,2081021402,2,1,,11,5,1,,,,,1,
208,208102,20810214,2081021402,3,1,,8,5,1,,,,,1,
208,208102,20810214,2081021402,3,1,,8,5,1,,,,,1,
208,208102,20810214,2081021402,4,1,"education assessers",9,5,2,,,,,1,
208,208102,20810214,2081021402,4,1,"education assessers",9,5,2,,,,,1,
208,208102,20810214,2081021402,5,1,"stake holders",12,5,1,,,,,1,
208,208102,20810214,2081021402,5,1,"stake holders",12,5,1,,,,,1,
208,208104,20810404,2081040401,1,2,,,,,2,,,,2,
208,208104,20810404,2081040401,2,1,,10,5,8,1,,10,5,2,
208,208104,20810404,2081040401,3,2,,,,,1,,3,6,2,
208,208104,20810404,2081040401,4,2,,,,,1,"2014",2,6,2,
208,208104,20810404,2081040401,5,2,,,,,2,,,,2,
208,208107,20810713,2081071301,1,2,,,,,1,,3,6,2,
208,208107,20810713,2081071301,2,1,,7,5,2,1,,8,5,2,
208,208107,20810713,2081071301,3,2,,,,,1,,3,6,2,
208,208107,20810713,2081071301,4,1,"PARISH CHIEF",9,5,1,1,"inspector of school",3,6,2,
208,208107,20810713,2081071301,5,2,,,,,1,"MOES OFFICIALS",3,6,2,
209,209201,20920101,2092010105,1,1,,9,5,2,,,,,1,
209,209201,20920101,2092010105,2,1,,8,5,2,,,,,1,
209,209201,20920101,2092010105,3,1,,5,5,2,,,,,1,
209,209201,20920101,2092010105,4,1,"ESA",10,5,2,,,,,1,
209,209201,20920101,2092010105,5,2,,,,,,,,,1,
209,209201,20920104,2092010401,1,,,,,,,,,,3,"not school day, weekend"
209,209201,20920104,2092010401,2,,,,,,,,,,3,"not school day, weekend"
209,209201,20920104,2092010401,3,,,,,,,,,,3,"not school day, weekend"
209,209201,20920104,2092010401,4,,,,,,,,,,3,"not school day, weekend"
209,209201,20920104,2092010401,5,,,,,,,,,,3,"not school day, weekend"
210,210205,21020504,2102050401,1,2,,,,,,,,,1,
210,210205,21020504,2102050401,1,2,,,,,,,,,1,
210,210205,21020504,2102050401,2,1,,6,5,3,,,,,1,
210,210205,21020504,2102050401,2,1,,6,5,3,,,,,1,
210,210205,21020504,2102050401,3,1,,6,5,1,,,,,1,
210,210205,21020504,2102050401,3,1,,6,5,1,,,,,1,
210,210205,21020504,2102050401,4,1,"AREA INSPECTOR OF SCHOOL",6,5,2,,,,,1,
210,210205,21020504,2102050401,4,1,"AREA INSPECTOR OF SCHOOL",6,5,2,,,,,1,
210,210205,21020504,2102050401,5,2,,,,,,,,,1,
210,210205,21020504,2102050401,5,2,,,,,,,,,1,
211,211101,21110105,2111010504,1,2,,,,,1,,12,5,3,"SCHOOL WAS CLOSED IT WAS HOLIDAYS"
211,211101,21110105,2111010504,2,1,,7,2014,2,1,,7,6,3,"SCHOOL WAS CLOSED IT WAS HOLIDAYS"
211,211101,21110105,2111010504,3,1,,7,2014,1,1,,7,6,3,"SCHOOL WAS CLOSED IT WAS HOLIDAYS"
211,211101,21110105,2111010504,4,1,"LC3 CHAIR PERSON AND LC5 COUNSELOR",7,2014,1,1,"LC3AND LC5",7,6,3,"SCHOOL WAS CLOSED IT WAS HOLIDAYS"
211,211101,21110105,2111010504,5,1,"RDC",9,5,2,1,"RDC",9,5,3,"SCHOOL WAS CLOSED IT WAS HOLIDAYS"
211,211103,21110303,2111030302,1,1,,8,5,8,2,,,,1,
211,211103,21110303,2111030302,2,2,,,,,1,,10,5,1,
211,211103,21110303,2111030302,3,1,,10,5,1,1,,3,6,1,
211,211103,21110303,2111030302,4,1,"INSPECTORATE ASSOCIATES",8,5,8,1,"worl vision",3,6,1,
211,211103,21110303,2111030302,5,2,,,,,1,,4,6,1,
211,211106,21110603,2111060303,1,1,,3,5,2,1,,2,6,2,
211,211106,21110603,2111060303,2,2,,,,,1,,11,5,2,
211,211106,21110603,2111060303,3,1,,10,5,1,1,,4,6,2,
211,211106,21110603,2111060303,4,1,"LC5",9,5,2,1,"LC COUNCILLOR,",5,6,2,
211,211106,21110603,2111060303,5,1,"COUNSOLER EDUCATION LC5",9,5,2,2,,,,2,
212,212104,21210403,2121040306,1,1,,12,5,3,,,,,1,
212,212104,21210403,2121040306,2,1,,11,5,3,,,,,1,
212,212104,21210403,2121040306,3,1,,2,5,2,,,,,1,
212,212104,21210403,2121040306,4,2,,,,,,,,,1,
212,212104,21210403,2121040306,5,2,,,,,,,,,1,
212,212105,21210504,2121050407,1,1,,11,5,1,1,,4,6,1,
212,212105,21210504,2121050407,2,1,,11,5,1,1,,3,6,1,
212,212105,21210504,2121050407,3,1,,11,5,1,1,,5,6,1,
212,212105,21210504,2121050407,4,1,"AREA INSPECTOR OF SCHOOOLS",11,5,1,1,"area inpspector",3,6,1,
212,212105,21210504,2121050407,5,1,"ASSOCIATED ASSESSORS",10,5,2,2,,,,1,
212,212202,21220201,2122020101,1,1,,11,5,1,1,,4,6,1,
212,212202,21220201,2122020101,2,1,,10,5,1,1,,4,6,1,
212,212202,21220201,2122020101,3,1,,11,5,1,1,,4,6,1,
212,212202,21220201,2122020101,4,1,"ASSOCIATE ASSESSOR",10,5,2,1,"asso assessorsciate",4,6,1,
212,212202,21220201,2122020101,5,2,,,,,2,,,,1,
212,212305,21230502,2123050204,1,,,,,,1,,7,6,3,"holiday time"
212,212305,21230502,2123050204,2,,,,,,1,,10,5,3,"holiday time"
212,212305,21230502,2123050204,3,,,,,,1,,7,6,3,"holiday time"
212,212305,21230502,2123050204,4,,,,,,1,"AREA INSPECTOR",6,6,3,"holiday time"
212,212305,21230502,2123050204,5,,,,,,2,,,,3,"holiday time"
212,212311,21231101,2123110101,1,1,,3,2014,2,,,,,1,
212,212311,21231101,2123110101,2,1,,3,2014,1,,,,,1,
212,212311,21231101,2123110101,3,1,,4,2014,1,,,,,1,
212,212311,21231101,2123110101,4,2,,,,,,,,,1,
212,212311,21231101,2123110101,5,2,,,,,,,,,1,
214,214101,21410104,2141010403,1,2,,,,,2,,,,2,
214,214101,21410104,2141010403,2,1,,11,5,8,1,,3,6,2,
214,214101,21410104,2141010403,3,1,,11,5,8,2,,,,2,
214,214101,21410104,2141010403,4,1,"GISO",8,5,2,1,"pta chairperson",1,6,2,
214,214101,21410104,2141010403,5,2,,,,,2,,,,2,
214,214101,21410106,2141010604,1,1,,10,5,3,1,,3,6,2,
214,214101,21410106,2141010604,2,1,,7,5,8,1,,7,6,2,
214,214101,21410106,2141010604,3,1,,9,5,8,1,,3,6,2,
214,214101,21410106,2141010604,4,1,"concillors",11,5,1,1,"LC 3 CONCILLOR",5,6,2,
214,214101,21410106,2141010604,5,1,"diso",6,5,8,1,"LC3 CHAIRMAN",7,6,2,
214,214102,21410202,2141020206,1,2,,,,,2,,,,1,
214,214102,21410202,2141020206,2,2,,,,,1,,2,5,1,
214,214102,21410202,2141020206,3,1,,10,5,1,1,,3,5,1,
214,214102,21410202,2141020206,4,1,"SUBCOUNTY",10,5,2,1,"healthy inspector",5,6,1,
214,214102,21410202,2141020206,5,2,,,,,2,,,,1,
214,214108,21410801,2141080105,1,1,,3,5,4,,,,,,
214,214108,21410801,2141080105,2,1,,9,5,4,,,,,,
214,214108,21410801,2141080105,3,1,,11,5,8,,,,,,
214,214108,21410801,2141080105,4,1,"sub county chief",11,5,8,,,,,,
214,214108,21410801,2141080105,5,1,"chairman LC 3",11,5,8,,,,,,
214,214113,21411301,2141130103,1,1,,11,5,8,2,,,,1,
214,214113,21411301,2141130103,2,1,,11,5,8,1,,7,6,1,
214,214113,21411301,2141130103,3,1,,11,5,8,1,,7,6,1,
214,214113,21411301,2141130103,4,1,"education standard agency",7,5,8,1,"sub county chief",6,6,1,
214,214113,21411301,2141130103,5,1,"political leaders",11,5,8,1,"LC 9 COLLORUNCI",4,6,1,
214,214113,21411303,2141130307,1,1,,6,5,2,1,,11,5,,
214,214113,21411303,2141130307,1,1,,6,5,2,1,,11,5,1,
214,214113,21411303,2141130307,1,,,,,,,,,,,
214,214113,21411303,2141130307,1,,,,,,,,,,1,
214,214113,21411303,2141130307,2,,,,,,,,,,1,
214,214113,21411303,2141130307,2,,,,,,,,,,,
214,214113,21411303,2141130307,2,1,,9,5,2,1,,11,5,1,
214,214113,21411303,2141130307,2,1,,9,5,2,1,,11,5,,
214,214113,21411303,2141130307,3,1,,10,5,8,1,,10,5,1,
214,214113,21411303,2141130307,3,1,,10,5,8,1,,10,5,,
214,214113,21411303,2141130307,3,,,,,,,,,,,
214,214113,21411303,2141130307,3,,,,,,,,,,1,
214,214113,21411303,2141130307,4,,,,,,,,,,,
214,214113,21411303,2141130307,4,,,,,,,,,,1,
214,214113,21411303,2141130307,4,1,"SUBCOUNTY CHIEF",9,5,2,1,"subcounty chief",2,6,,
214,214113,21411303,2141130307,4,1,"SUBCOUNTY CHIEF",9,5,2,1,"subcounty chief",2,6,1,
214,214113,21411303,2141130307,5,1,"SCHOOL MANAGEMENT COMMITEE",9,5,8,1,"chairman sch management committee",4,6,,
214,214113,21411303,2141130307,5,1,"SCHOOL MANAGEMENT COMMITEE",9,5,8,1,"chairman sch management committee",4,6,1,
214,214113,21411303,2141130307,5,,,,,,,,,,,
214,214113,21411303,2141130307,5,,,,,,,,,,1,
215,215109,21510902,2151090208,1,1,,8,5,2,,,,,2,
215,215109,21510902,2151090208,2,1,,4,5,3,,,,,2,
215,215109,21510902,2151090208,3,1,,6,5,2,,,,,2,
215,215109,21510902,2151090208,4,1,"associate inspesctors",6,5,2,,,,,2,
215,215109,21510902,2151090208,5,2,,,,,,,,,2,
215,215115,21511502,2151150202,1,1,,3,2014,2,,,,,3,"holiday"
215,215115,21511502,2151150202,2,1,,3,2014,2,,,,,3,"holiday"
215,215115,21511502,2151150202,3,1,,5,2014,1,,,,,3,"holiday"
215,215115,21511502,2151150202,4,2,,,,,,,,,3,"holiday"
215,215115,21511502,2151150202,5,2,,,,,,,,,3,"holiday"
215,215120,21512002,2151200204,1,2,,,,,,,,,3,
215,215120,21512002,2151200204,2,1,,6,2014,2,,,,,3,
215,215120,21512002,2151200204,3,1,,7,2014,1,,,,,3,
215,215120,21512002,2151200204,4,1,"ASSOCIATE ASSESSORS",6,2014,2,,,,,3,
215,215120,21512002,2151200204,5,1,"ESA",7,2014,1,,,,,3,
216,216202,21620203,2162020306,1,1,,3,5,2,1,,7,6,1,
216,216202,21620203,2162020306,1,1,,3,5,2,1,,7,6,1,
216,216202,21620203,2162020306,1,1,,3,5,2,,,,,1,
216,216202,21620203,2162020306,1,1,,3,5,2,,,,,1,
216,216202,21620203,2162020306,2,1,,11,5,1,1,,8,6,1,
216,216202,21620203,2162020306,2,1,,11,5,1,1,,8,6,1,
216,216202,21620203,2162020306,2,1,,11,5,1,,,,,1,
216,216202,21620203,2162020306,2,1,,11,5,1,,,,,1,
216,216202,21620203,2162020306,3,1,,2,5,1,1,,8,6,1,
216,216202,21620203,2162020306,3,1,,2,5,1,1,,8,6,1,
216,216202,21620203,2162020306,3,1,,2,5,1,,,,,1,
216,216202,21620203,2162020306,3,1,,2,5,1,,,,,1,
216,216202,21620203,2162020306,4,1,"SCHOOL MANAGEMENT COMMITTEE",2,2014,1,1,"inspector associates",7,6,1,
216,216202,21620203,2162020306,4,1,"SCHOOL MANAGEMENT COMMITTEE",2,2014,1,1,"inspector associates",7,6,1,
216,216202,21620203,2162020306,4,1,"SCHOOL MANAGEMENT COMMITTEE",2,2014,1,,,,,1,
216,216202,21620203,2162020306,4,1,"SCHOOL MANAGEMENT COMMITTEE",2,2014,1,,,,,1,
216,216202,21620203,2162020306,5,2,,,,,,,,,1,
216,216202,21620203,2162020306,5,2,,,,,,,,,1,
216,216202,21620203,2162020306,5,2,,,,,2,,,,1,
216,216202,21620203,2162020306,5,2,,,,,2,,,,1,
218,218103,21810302,2181030213,1,,,,,,,,,,3,"HOLIDAY"
218,218103,21810302,2181030213,2,,,,,,,,,,3,"HOLIDAY"
218,218103,21810302,2181030213,3,,,,,,,,,,3,"HOLIDAY"
218,218103,21810302,2181030213,4,,,,,,,,,,3,"HOLIDAY"
218,218103,21810302,2181030213,5,,,,,,,,,,3,"HOLIDAY"
218,218115,21811504,2181150401,1,1,,2,2014,2,,,,,3,"holiday"
218,218115,21811504,2181150401,2,1,,7,2014,1,,,,,3,"holiday"
218,218115,21811504,2181150401,3,1,,6,2014,1,,,,,3,"holiday"
218,218115,21811504,2181150401,4,1,"ASSESSORS",7,2014,1,,,,,3,"holiday"
218,218115,21811504,2181150401,5,2,,,,,,,,,3,"holiday"
219,219103,21910313,2191031301,1,1,,11,5,2,,,,,3,"THE SCHOOL WAS CLOSED BECAUSE IT WAS HOLIDAY TIME"
219,219103,21910313,2191031301,2,1,,3,2014,8,,,,,3,"THE SCHOOL WAS CLOSED BECAUSE IT WAS HOLIDAY TIME"
219,219103,21910313,2191031301,3,1,,5,2014,1,,,,,3,"THE SCHOOL WAS CLOSED BECAUSE IT WAS HOLIDAY TIME"
219,219103,21910313,2191031301,4,1,"LC1,",11,5,1,,,,,3,"THE SCHOOL WAS CLOSED BECAUSE IT WAS HOLIDAY TIME"
219,219103,21910313,2191031301,5,1,"ASSOCIATE ACCESSORS",11,5,2,,,,,3,"THE SCHOOL WAS CLOSED BECAUSE IT WAS HOLIDAY TIME"
219,219103,21910317,2191031702,1,1,,4,5,8,,,,,1,
219,219103,21910317,2191031702,1,1,,4,5,8,,,,,1,
219,219103,21910317,2191031702,1,1,,4,5,8,1,,12,5,1,
219,219103,21910317,2191031702,1,1,,4,5,8,1,,12,5,1,
219,219103,21910317,2191031702,2,1,,3,5,8,1,,3,6,1,
219,219103,21910317,2191031702,2,1,,3,5,8,1,,3,6,1,
219,219103,21910317,2191031702,2,1,,3,5,8,,,,,1,
219,219103,21910317,2191031702,2,1,,3,5,8,,,,,1,
219,219103,21910317,2191031702,3,1,,3,5,8,1,,2,6,1,
219,219103,21910317,2191031702,3,1,,3,5,8,1,,2,6,1,
219,219103,21910317,2191031702,3,1,,3,5,8,,,,,1,
219,219103,21910317,2191031702,3,1,,3,5,8,,,,,1,
219,219103,21910317,2191031702,4,1,"ASSOCIATES",3,5,8,,,,,1,
219,219103,21910317,2191031702,4,1,"ASSOCIATES",3,5,8,,,,,1,
219,219103,21910317,2191031702,4,1,"ASSOCIATES",3,5,8,1,"ASSOCIATE ASSESSORS",4,6,1,
219,219103,21910317,2191031702,4,1,"ASSOCIATES",3,5,8,1,"ASSOCIATE ASSESSORS",4,6,1,
219,219103,21910317,2191031702,5,2,,,,,1,"HEALTH INSPECTOR",6,6,1,
219,219103,21910317,2191031702,5,2,,,,,1,"HEALTH INSPECTOR",6,6,1,
219,219103,21910317,2191031702,5,2,,,,,,,,,1,
219,219103,21910317,2191031702,5,2,,,,,,,,,1,
221,221109,22110902,2211090203,1,1,,6,2014,2,,,,,3,
221,221109,22110902,2211090203,2,1,,5,2014,2,,,,,3,
221,221109,22110902,2211090203,3,1,,7,2014,1,,,,,3,
221,221109,22110902,2211090203,4,1,"HEADTEACHERS ASSOCIATION",7,2014,2,,,,,3,
221,221109,22110902,2211090203,5,2,,,,,,,,,3,
221,221109,22110905,2211090505,1,1,,11,5,1,1,,4,6,1,
221,221109,22110905,2211090505,2,1,,11,5,2,1,,3,6,1,
221,221109,22110905,2211090505,3,1,,10,5,1,1,,3,6,1,
221,221109,22110905,2211090505,4,2,,,,,1,"head teacher inspection",2,6,1,
221,221109,22110905,2211090505,5,2,,,,,2,,,,1,
222,222106,22210602,2221060201,1,2,,,,,,,,,1,
222,222106,22210602,2221060201,2,1,,7,5,2,,,,,1,
222,222106,22210602,2221060201,3,1,,7,5,8,,,,,1,
222,222106,22210602,2221060201,4,2,,,,,,,,,1,
222,222106,22210602,2221060201,5,2,,,,,,,,,1,
223,223108,22310805,2231080506,1,1,,11,5,3,,,,,1,
223,223108,22310805,2231080506,2,1,,6,2014,3,,,,,1,
223,223108,22310805,2231080506,3,1,,7,2014,1,,,,,1,
223,223108,22310805,2231080506,4,2,,,,,,,,,1,
223,223108,22310805,2231080506,5,2,,,,,,,,,1,
223,223120,22312002,2231200204,1,2,,,,,,,,,2,
223,223120,22312002,2231200204,2,1,,8,5,1,,,,,2,
223,223120,22312002,2231200204,3,1,,7,5,1,,,,,2,
223,223120,22312002,2231200204,4,1,"EDUCATIN STANDARD AGENGY",8,5,4,,,,,2,
223,223120,22312002,2231200204,5,2,,,,,,,,,2,
223,223121,22312101,2231210104,1,2,,,,,,,,,1,
223,223121,22312101,2231210104,2,2,,,,,,,,,1,
223,223121,22312101,2231210104,3,1,,10,5,1,,,,,1,
223,223121,22312101,2231210104,4,1,"AREA INSPCTOR OF SCHOOLS",10,5,1,,,,,1,
223,223121,22312101,2231210104,5,2,,,,,,,,,1,
223,223121,22312101,2231210105,1,,,,,,1,,7,5,3,"HOLIDAY/MUSIC FESTIVAL"
223,223121,22312101,2231210105,2,,,,,,1,,7,6,3,"HOLIDAY/MUSIC FESTIVAL"
223,223121,22312101,2231210105,3,,,,,,1,,5,6,3,"HOLIDAY/MUSIC FESTIVAL"
223,223121,22312101,2231210105,4,,,,,,2,,,,3,"HOLIDAY/MUSIC FESTIVAL"
223,223121,22312101,2231210105,5,,,,,,2,,,,3,"HOLIDAY/MUSIC FESTIVAL"
223,223121,22312103,2231210302,1,1,,3,2014,2,,,,,3,"holiday"
223,223121,22312103,2231210302,2,1,,4,2014,2,,,,,3,"holiday"
223,223121,22312103,2231210302,3,1,,10,5,3,,,,,3,"holiday"
223,223121,22312103,2231210302,4,2,,,,,,,,,3,"holiday"
223,223121,22312103,2231210302,5,2,,,,,,,,,3,"holiday"
223,223126,22312601,2231260115,1,1,,7,5,1,1,,9,5,1,
223,223126,22312601,2231260115,2,1,,6,5,2,1,,3,6,1,
223,223126,22312601,2231260115,3,1,,3,5,3,1,,11,5,1,
223,223126,22312601,2231260115,4,1,"education standard agency",9,5,4,2,,,,1,
223,223126,22312601,2231260115,5,2,,,,,2,,,,1,
223,223128,22312801,2231280102,1,1,,7,5,4,,,,,2,
223,223128,22312801,2231280102,2,1,,5,2014,3,,,,,2,
223,223128,22312801,2231280102,3,1,,5,2014,1,,,,,2,
223,223128,22312801,2231280102,4,1,"area inspections",6,2014,1,,,,,2,
223,223128,22312801,2231280102,5,2,,,,,,,,,2,
224,224105,22410505,2241050511,1,1,,4,5,2,1,,4,6,,
224,224105,22410505,2241050511,2,1,,6,5,2,1,,4,6,,
224,224105,22410505,2241050511,3,1,,7,5,2,1,,3,5,,
224,224105,22410505,2241050511,4,1,"MOES",3,5,8,1,"supprt district suppervisor",3,6,,
224,224105,22410505,2241050511,5,1,"UGANDA MUSLIM TEACHERS ASSOCIATION COORDINATOR",4,5,4,2,,,,,
225,225103,22510304,2251030415,1,1,,3,5,3,1,,11,6,1,
225,225103,22510304,2251030415,2,1,,10,5,2,1,,3,6,1,
225,225103,22510304,2251030415,3,1,,9,5,2,1,,3,6,1,
225,225103,22510304,2251030415,4,2,,,,,2,,,,1,
225,225103,22510304,2251030415,5,2,,,,,2,,,,1,
225,225111,22511103,2251110322,1,2,,,,,,,,,1,
225,225111,22511103,2251110322,2,1,,6,,2,,,,,1,
225,225111,22511103,2251110322,3,1,,7,,1,,,,,1,
225,225111,22511103,2251110322,4,2,,,,,,,,,1,
225,225111,22511103,2251110322,5,2,,,,,,,,,1,
226,226101,22610101,2261010102,1,1,,11,5,4,2,,,,1,
226,226101,22610101,2261010102,2,1,,6,5,4,1,,11,5,1,
226,226101,22610101,2261010102,3,1,,10,5,2,2,,,,1,
226,226101,22610101,2261010102,4,1,"AREA INPECTOR OF SCHOOLS",11,5,1,1,"lc 5 chairman",3,6,1,
226,226101,22610101,2261010102,5,2,,,,,2,,,,1,
226,226103,22610302,2261030205,1,,,,,,1,,6,6,3,"weekend"
226,226103,22610302,2261030205,2,,,,,,1,,7,6,3,"weekend"
226,226103,22610302,2261030205,3,,,,,,1,,7,6,3,"weekend"
226,226103,22610302,2261030205,4,,,,,,1,"ASSESSORS",6,6,3,"weekend"
226,226103,22610302,2261030205,5,,,,,,2,,,,3,"weekend"
226,226103,22610303,2261030301,1,,,,,,1,,3,6,,
226,226103,22610303,2261030301,2,,,,,,1,,4,6,,
226,226103,22610303,2261030301,3,,,,,,1,,4,6,,
226,226103,22610303,2261030301,4,,,,,,2,,,,,
226,226103,22610303,2261030301,5,,,,,,2,,,,,
226,226104,22610405,2261040510,1,1,,10,5,4,1,,7,6,1,
226,226104,22610405,2261040510,2,1,,11,5,2,1,,7,6,1,
226,226104,22610405,2261040510,3,1,,11,5,2,1,,7,6,1,
226,226104,22610405,2261040510,4,2,,,,,2,,,,1,
226,226104,22610405,2261040510,5,2,,,,,2,,,,1,
228,228102,22810203,2281020304,1,,,,,,1,,3,6,3,"holiday"
228,228102,22810203,2281020304,2,,,,,,1,,7,6,3,"holiday"
228,228102,22810203,2281020304,3,,,,,,1,,4,6,3,"holiday"
228,228102,22810203,2281020304,4,,,,,,1,"COUNTY INSPECTOR",7,6,3,"holiday"
228,228102,22810203,2281020304,5,,,,,,2,,,,3,"holiday"
230,230107,23010709,2301070905,1,2,,,,,,,,,,
230,230107,23010709,2301070905,2,1,,6,5,2,,,,,,
230,230107,23010709,2301070905,3,2,,,,,,,,,,
230,230107,23010709,2301070905,4,1,"LOCAL COUNCIL",8,5,1,,,,,,
230,230107,23010709,2301070905,5,1,"PARISH CHIEF",4,5,3,,,,,,
232,232101,23210104,2321010406,1,,,,,,1,,6,6,3,"SCHOOL WAS CLOSED FOR HOLIDAYS"
232,232101,23210104,2321010406,2,,,,,,1,,6,6,3,"SCHOOL WAS CLOSED FOR HOLIDAYS"
232,232101,23210104,2321010406,3,,,,,,1,,6,6,3,"SCHOOL WAS CLOSED FOR HOLIDAYS"
232,232101,23210104,2321010406,4,,,,,,1,"CHAIRPERSON,PTA,SUBCOUNTY",6,6,3,"SCHOOL WAS CLOSED FOR HOLIDAYS"
232,232101,23210104,2321010406,5,,,,,,2,,,,3,"SCHOOL WAS CLOSED FOR HOLIDAYS"
232,232203,23220304,2322030405,1,2,,,,,1,,2,6,1,
232,232203,23220304,2322030405,2,1,,9,5,8,1,,2,6,1,
232,232203,23220304,2322030405,3,1,,10,5,1,1,,4,6,1,
232,232203,23220304,2322030405,4,1,"AREA COUNCILOR",10,5,8,1,"HEALTH TEAM",2,6,1,
232,232203,23220304,2322030405,5,2,,,,,2,,,,1,
302,302101,30210102,3021010215,1,2,,,,,2,,,,,
302,302101,30210102,3021010215,2,1,,10,5,4,1,,,,,
302,302101,30210102,3021010215,3,1,,6,2014,2,1,,,,,
302,302101,30210102,3021010215,4,1,"NGO-[USAID]",6,2014,1,1,,,,,
302,302101,30210102,3021010215,5,1,"SCHOOL MANAGEMENT COMMITTEE",7,2014,8,1,,,,,
302,302201,30220105,3022010508,1,1,,8,5,2,,,,,1,
302,302201,30220105,3022010508,2,1,,8,5,2,,,,,1,
302,302201,30220105,3022010508,3,1,,8,5,1,,,,,1,
302,302201,30220105,3022010508,4,1,"NGOS",6,5,2,,,,,1,
302,302201,30220105,3022010508,5,1,"SUB-COUNTY",9,5,2,,,,,1,
302,302201,30220107,3022010708,1,2,,,,,,,,,3,"Holidays and no teachers  around for data"
302,302201,30220107,3022010708,2,2,,,,,,,,,3,"Holidays and no teachers  around for data"
302,302201,30220107,3022010708,3,1,,6,2014,2,,,,,3,"Holidays and no teachers  around for data"
302,302201,30220107,3022010708,4,1,"SCHOOL MANAGEMENT",6,2014,1,,,,,3,"Holidays and no teachers  around for data"
302,302201,30220107,3022010708,5,2,,,,,,,,,3,"Holidays and no teachers  around for data"
302,302203,30220302,3022030205,1,1,,11,5,2,1,,3,6,,
302,302203,30220302,3022030205,2,1,,11,5,1,1,,5,6,,
302,302203,30220302,3022030205,3,1,,11,5,1,1,,5,6,,
302,302203,30220302,3022030205,4,1,"MINISSTRY OF EDUCATION",10,5,2,1,"APNPPCAN[NGO]",4,6,,
302,302203,30220302,3022030205,5,1,"MINISTRY OF EDUCATION UNDER SPECIAL  NEEDS",10,5,3,1,"CADOBIC[NGO]",4,6,,
302,302204,30220405,3022040505,1,1,,8,5,4,1,,4,6,1,
302,302204,30220405,3022040505,2,2,,,,,1,,6,6,1,
302,302204,30220405,3022040505,3,1,,11,5,1,1,,7,6,1,
302,302204,30220405,3022040505,4,1,"HEADTEACHERS ASSOCIATION",8,5,2,1,"NGO[ACFODE]",6,6,1,
302,302204,30220405,3022040505,5,1,"SUB-COUNTY CHIEF",10,5,2,1,"NGOS[USAID",7,6,1,
302,302205,30220505,3022050502,1,1,,9,5,4,,,,,2,
302,302205,30220505,3022050502,2,1,,11,5,2,,,,,2,
302,302205,30220505,3022050502,3,1,,11,5,1,,,,,2,
302,302205,30220505,3022050502,4,1,"SUB-COUNTY CHIEF",12,5,1,,,,,2,
302,302205,30220505,3022050502,5,2,,,,,,,,,2,
303,303201,30320102,3032010205,1,2,,,,,2,,,,1,
303,303201,30320102,3032010205,2,1,,4,5,4,1,,10,5,1,
303,303201,30320102,3032010205,3,2,,,,,2,,,,1,
303,303201,30320102,3032010205,4,1,"S/C CHIEF",9,5,3,1,"AREA INSPECTOR",2,6,1,
303,303201,30320102,3032010205,5,1,"SMC",10,5,1,1,"SUBCOUNTY CHIEF",2,6,1,
303,303202,30320207,3032020706,1,2,,,,,2,,,,1,
303,303202,30320207,3032020706,2,1,,3,5,4,1,,3,6,1,
303,303202,30320207,3032020706,3,2,,,,,2,,,,1,
303,303202,30320207,3032020706,4,1,"LC 3",10,4,4,1,"LC 3",3,6,1,
303,303202,30320207,3032020706,5,2,,,,,1,,3,6,1,
303,303204,30320405,3032040506,1,2,,,,,2,,,,3,"No respondent since the school closed for holiday"
303,303204,30320405,3032040506,2,1,,3,2014,2,1,,3,6,3,"No respondent since the school closed for holiday"
303,303204,30320405,3032040506,3,1,,10,5,4,1,,10,5,3,"No respondent since the school closed for holiday"
303,303204,30320405,3032040506,4,1,"COUNTY INSPECTOR",6,2014,2,1,"county inspector",6,6,3,"No respondent since the school closed for holiday"
303,303204,30320405,3032040506,5,1,"LC5",6,2014,3,1,"lc3",6,6,3,"No respondent since the school closed for holiday"
303,303402,30340204,3034020408,1,1,,3,5,4,2,,,,1,
303,303402,30340204,3034020408,2,2,,,,,1,,10,5,1,
303,303402,30340204,3034020408,3,1,,3,5,4,1,,7,5,1,
303,303402,30340204,3034020408,4,1,"LC3",6,5,3,1,"associate assessors",9,5,1,
303,303402,30340204,3034020408,5,1,"PARISH CHIEF",9,5,1,1,"CDO",10,5,1,
303,303404,30340401,3034040102,1,2,,,,,2,,,,1,
303,303404,30340401,3034040102,2,2,,,,,1,,3,6,1,
303,303404,30340401,3034040102,3,1,,3,5,4,1,,7,6,1,
303,303404,30340401,3034040102,4,1,"COUNTY INSPECTOR",4,5,4,1,"assessors",8,6,1,
303,303404,30340401,3034040102,5,1,"ASS.INSPECOR",8,5,4,1,"sub county chief",8,6,1,
303,303404,30340403,3034040304,1,2,,,,,,,,,1,
303,303404,30340403,3034040304,2,2,,,,,,,,,1,
303,303404,30340403,3034040304,3,2,,,,,,,,,1,
303,303404,30340403,3034040304,4,1,"ASS.INSPECTOR",12,5,3,,,,,1,
303,303404,30340403,3034040304,5,2,,,,,,,,,1,
303,303405,30340507,3034050711,1,2,,,,,2,,,,3,"SCHOOL CLOSED FOR HOLIDAYS"
303,303405,30340507,3034050711,2,2,,,,,2,,,,3,"SCHOOL CLOSED FOR HOLIDAYS"
303,303405,30340507,3034050711,3,2,,,,,2,,,,3,"SCHOOL CLOSED FOR HOLIDAYS"
303,303405,30340507,3034050711,4,1,"AREA INSPECTOR FOR TEREGO COUNTY",3,2014,2,1,"area inspector",3,6,3,"SCHOOL CLOSED FOR HOLIDAYS"
303,303405,30340507,3034050711,5,1,"LC 3 C/PERSON",7,2014,2,1,"lc3 c/man",7,6,3,"SCHOOL CLOSED FOR HOLIDAYS"
303,303503,30350304,3035030411,1,2,,,,,2,,,,,
303,303503,30350304,3035030411,2,1,,3,5,4,1,,6,5,,
303,303503,30350304,3035030411,3,2,,,,,2,,,,,
303,303503,30350304,3035030411,4,2,,,,,1,"support staff inspector",3,6,,
303,303503,30350304,3035030411,5,2,,,,,1,"subcounty chief",5,6,,
303,303504,30350402,3035040205,1,2,,,,,2,,,,1,
303,303504,30350402,3035040205,2,2,,,,,1,,2,6,1,
303,303504,30350402,3035040205,3,2,,,,,2,,,,1,
303,303504,30350402,3035040205,4,1,"S/C CHIEF",6,5,2,1,"assessor",2,6,1,
303,303504,30350402,3035040205,5,1,"LCI C/MAN",10,5,1,1,"SMC",3,6,1,
304,304102,30410201,3041020101,1,1,,7,5,2,1,,2,6,,
304,304102,30410201,3041020101,2,1,,2,2014,3,1,,6,6,,
304,304102,30410201,3041020101,3,1,,2,2014,2,1,,8,6,,
304,304102,30410201,3041020101,4,1,"GISO",11,5,2,1,"WORLD VISION[NGO]",5,6,,
304,304102,30410201,3041020101,5,1,"WOMEN LCV",2,5,2,1,"SAVE THE CHILDREN[NGO]",7,6,,
304,304204,30420401,3042040105,1,1,,5,5,2,,,,,1,
304,304204,30420401,3042040105,2,1,,9,5,2,,,,,1,
304,304204,30420401,3042040105,3,1,,7,5,2,,,,,1,
304,304204,30420401,3042040105,4,1,"P.T.A",9,5,1,,,,,1,
304,304204,30420401,3042040105,5,1,"COUNCILLORS",9,5,1,,,,,1,
304,304204,30420402,3042040201,1,1,,7,5,2,1,,6,6,2,
304,304204,30420402,3042040201,2,1,,7,5,2,1,,6,6,2,
304,304204,30420402,3042040201,3,1,,10,5,2,1,,4,6,2,
304,304204,30420402,3042040201,4,1,"NGO [AFRICAN REVIVIAL]",9,5,1,1,"NGO-AMREF",7,6,2,
304,304204,30420402,3042040201,5,1,"NGO [WAR CHILD HOLLAND]",12,5,1,1,"ASSISTANT TOWN CLERK",6,6,2,
304,304301,30430104,3043010404,1,1,,10,5,2,1,,11,5,2,
304,304301,30430104,3043010404,2,1,,7,5,2,1,,2,6,2,
304,304301,30430104,3043010404,3,1,,4,5,4,1,,4,6,2,
304,304301,30430104,3043010404,4,1,"NGO [NRC]",12,5,1,1,"LOCAL COUNCIL OFFICIALS",3,6,2,
304,304301,30430104,3043010404,5,1,"NGO [LABE",12,5,1,2,,,,2,
305,305102,30510208,3051020803,1,1,,11,5,2,,,,,,
305,305102,30510208,3051020803,2,1,,11,5,8,,,,,,
305,305102,30510208,3051020803,3,1,,2,2014,1,,,,,,
305,305102,30510208,3051020803,4,1,"URBAN EDUCATION OFFICER",9,5,8,,,,,,
305,305102,30510208,3051020803,5,2,,,,,,,,,,
306,306102,30610203,3061020306,1,1,,10,5,2,1,,3,6,2,
306,306102,30610203,3061020306,2,1,,11,5,1,1,,3,6,2,
306,306102,30610203,3061020306,3,1,,11,5,1,1,,3,6,2,
306,306102,30610203,3061020306,4,1,"CHAIR PERSON SCHOOL MANAGEMENT",11,5,1,1,"CAO,LCV",3,6,2,
306,306102,30610203,3061020306,5,2,,,,,2,,,,2,
306,306103,30610301,3061030101,1,1,,11,5,1,1,,7,6,1,
306,306103,30610301,3061030101,1,1,,11,5,1,1,,7,6,1,
306,306103,30610301,3061030101,1,1,,11,5,1,,,,,1,
306,306103,30610301,3061030101,1,1,,11,5,1,,,,,1,
306,306103,30610301,3061030101,2,1,,11,5,1,,,,,1,
306,306103,30610301,3061030101,2,1,,11,5,1,,,,,1,
306,306103,30610301,3061030101,2,1,,11,5,1,1,,7,6,1,
306,306103,30610301,3061030101,2,1,,11,5,1,1,,7,6,1,
306,306103,30610301,3061030101,3,1,,2,2014,1,1,,7,6,1,
306,306103,30610301,3061030101,3,1,,2,2014,1,1,,7,6,1,
306,306103,30610301,3061030101,3,1,,2,2014,1,,,,,1,
306,306103,30610301,3061030101,3,1,,2,2014,1,,,,,1,
306,306103,30610301,3061030101,4,1,"TOWN CLERK",9,2014,2,,,,,1,
306,306103,30610301,3061030101,4,1,"TOWN CLERK",9,2014,2,,,,,1,
306,306103,30610301,3061030101,4,1,"TOWN CLERK",9,2014,2,1,"chairman PTA",7,6,1,
306,306103,30610301,3061030101,4,1,"TOWN CLERK",9,2014,2,1,"chairman PTA",7,6,1,
306,306103,30610301,3061030101,5,2,,,,,,,,,1,
306,306103,30610301,3061030101,5,2,,,,,,,,,1,
306,306103,30610301,3061030101,5,2,,,,,1,"POLITICAL COMMISSIONER",7,6,1,
306,306103,30610301,3061030101,5,2,,,,,1,"POLITICAL COMMISSIONER",7,6,1,
306,306106,30610601,3061060103,1,1,,7,5,1,1,,3,6,1,
306,306106,30610601,3061060103,2,1,,7,5,1,1,,3,6,1,
306,306106,30610601,3061060103,3,1,,6,5,2,1,,3,6,1,
306,306106,30610601,3061060103,4,1,"Parish Chief",9,5,8,1,"SVO, NGO",3,6,1,
306,306106,30610601,3061060103,5,1,"MP",6,5,4,2,,,,1,
307,307108,30710802,3071080206,1,1,,9,5,2,1,,3,6,,
307,307108,30710802,3071080206,2,1,,11,5,1,1,,3,6,,
307,307108,30710802,3071080206,3,1,,11,5,8,1,,3,6,,
307,307108,30710802,3071080206,4,1,"NGO -MANGO  TREE",11,5,8,1,"P.T.A",3,6,,
307,307108,30710802,3071080206,5,1,"HEAD TEACHER,S ASSOCIATION",8,5,2,1,"Ministry of education",6,5,,
307,307108,30710803,3071080301,1,,,,,,1,,8,5,,
307,307108,30710803,3071080301,2,,,,,,1,,3,6,,
307,307108,30710803,3071080301,3,,,,,,1,,1,6,,
307,307108,30710803,3071080301,4,,,,,,1,"NGO -ACORD]",3,6,,
307,307108,30710803,3071080301,5,,,,,,1,"PARISH -CHIEF",5,6,,
307,307202,30720203,3072020302,1,,,,,,1,,1,6,2,
307,307202,30720203,3072020302,2,,,,,,1,,11,5,2,
307,307202,30720203,3072020302,3,,,,,,1,,9,5,2,
307,307202,30720203,3072020302,4,,,,,,1,,2,6,2,
307,307202,30720203,3072020302,5,,,,,,2,,,,2,
308,308102,30810206,3081020606,1,1,,10,5,8,1,,4,6,1,
308,308102,30810206,3081020606,2,1,,10,5,1,1,,4,6,1,
308,308102,30810206,3081020606,3,1,,9,5,2,1,,2,6,1,
308,308102,30810206,3081020606,4,1,"ISP",10,5,1,1,"GREEN WORLD",3,6,1,
308,308102,30810206,3081020606,5,2,,,,,2,,,,1,
309,309102,30910205,3091020502,1,1,,6,5,3,1,,7,6,2,
309,309102,30910205,3091020502,2,1,,6,5,3,2,,,,2,
309,309102,30910205,3091020502,3,1,,10,5,1,1,,4,6,2,
309,309102,30910205,3091020502,4,1,"ASS CDO",10,5,2,1,"county inspector of schools",7,6,2,
309,309102,30910205,3091020502,5,1,"S/C CHIEF",11,5,1,1,"DLC",7,6,2,
309,309103,30910305,3091030501,1,2,,,,,2,,,,1,
309,309103,30910305,3091030501,2,1,,6,5,2,2,,,,1,
309,309103,30910305,3091030501,3,1,,6,5,2,1,,3,6,1,
309,309103,30910305,3091030501,4,1,"SUB COUNTY  CHIEF",10,5,3,1,"county inspector",12,5,1,
309,309103,30910305,3091030501,5,1,"LC 5 C/MAN",7,5,4,1,"sports officer",6,5,1,
309,309204,30920406,3092040606,1,1,,3,2014,4,1,,3,6,3,"school closed for holidays"
309,309204,30920406,3092040606,2,1,,7,2014,2,1,,7,6,3,"school closed for holidays"
309,309204,30920406,3092040606,3,1,,4,2014,2,1,,4,6,3,"school closed for holidays"
309,309204,30920406,3092040606,4,1,"SUB COUNTY CHIEF",2,2014,4,1,"S/C CHIEF",2,6,3,"school closed for holidays"
309,309204,30920406,3092040606,5,1,"GISO",4,2014,2,1,"GISO",4,6,3,"school closed for holidays"
310,310102,31010202,3101020203,1,2,,,,,,,,,1,
310,310102,31010202,3101020203,2,2,,,,,,,,,1,
310,310102,31010202,3101020203,3,1,,10,5,2,,,,,1,
310,310102,31010202,3101020203,4,1,"ACAO",11,5,4,,,,,1,
310,310102,31010202,3101020203,5,1,"SBU COUNTY CHIEF",11,5,1,,,,,1,
310,310206,31020603,3102060309,1,1,,6,2014,4,1,,3,6,3,"SCHOOL CLOSED FOR HOLIDAYS"
310,310206,31020603,3102060309,2,1,,3,2014,2,1,,3,6,3,"SCHOOL CLOSED FOR HOLIDAYS"
310,310206,31020603,3102060309,3,1,,3,2014,4,1,,3,6,3,"SCHOOL CLOSED FOR HOLIDAYS"
310,310206,31020603,3102060309,4,1,"ASSOC.OF RETIRED HEAD TEACHERS",4,2014,1,1,"ASSOC. OF RETIRED HEAD TEACHERS",4,6,3,"SCHOOL CLOSED FOR HOLIDAYS"
310,310206,31020603,3102060309,5,1,"RDC",2,2014,4,1,"RDC",2,6,3,"SCHOOL CLOSED FOR HOLIDAYS"
310,310206,31020604,3102060408,1,1,,12,5,2,1,,7,6,2,
310,310206,31020604,3102060408,2,1,,11,5,3,1,,7,6,2,
310,310206,31020604,3102060408,3,1,,10,5,3,1,,11,5,2,
310,310206,31020604,3102060408,4,1,"ASSOSIATE ASSESSORS",10,5,2,1,"ASS DIS",2,6,2,
310,310206,31020604,3102060408,5,1,"USDC",10,5,4,1,"LC 5",7,6,2,
310,310207,31020706,3102070603,1,2,,,,,2,,,,3,"SCHOOL CLOSED FOR HOLIDAY"
310,310207,31020706,3102070603,2,2,,,,,2,,,,3,"SCHOOL CLOSED FOR HOLIDAY"
310,310207,31020706,3102070603,3,1,,5,2014,4,1,,5,6,3,"SCHOOL CLOSED FOR HOLIDAY"
310,310207,31020706,3102070603,4,1,"COUNTY INSPECTOR",7,2014,1,1,"county inspector",7,6,3,"SCHOOL CLOSED FOR HOLIDAY"
310,310207,31020706,3102070603,5,1,"EDUCATION ASSISSTANT",7,2014,1,1,"education ass",7,6,3,"SCHOOL CLOSED FOR HOLIDAY"
311,311103,31110302,3111030202,1,1,,10,5,2,,,,,1,
311,311103,31110302,3111030202,1,1,,10,5,2,,,,,1,
311,311103,31110302,3111030202,2,1,,2,2014,1,,,,,1,
311,311103,31110302,3111030202,2,1,,2,2014,1,,,,,1,
311,311103,31110302,3111030202,3,1,,7,5,3,,,,,1,
311,311103,31110302,3111030202,3,1,,7,5,3,,,,,1,
311,311103,31110302,3111030202,4,1,"RDC",7,5,4,,,,,1,
311,311103,31110302,3111030202,4,1,"RDC",7,5,4,,,,,1,
311,311103,31110302,3111030202,5,1,"CAO",2,5,4,,,,,1,
311,311103,31110302,3111030202,5,1,"CAO",2,5,4,,,,,1,
311,311302,31130201,3113020101,1,1,,9,5,2,1,,2,6,2,
311,311302,31130201,3113020101,2,1,,11,5,2,1,,3,6,2,
311,311302,31130201,3113020101,3,1,,11,5,1,1,,3,6,2,
311,311302,31130201,3113020101,4,1,"LC5",11,5,2,1,"deputy CAO,POLICE OFFICERS,SUCOUNTY CHIEF,PARISH CHIEF,PTAs,SMCs",3,6,2,
311,311302,31130201,3113020101,5,2,,,,,2,,,,2,
312,312105,31210502,3121050202,1,1,,6,5,4,1,,2,6,,
312,312105,31210502,3121050202,2,1,,2,2014,2,1,,7,6,,
312,312105,31210502,3121050202,3,1,,9,5,2,1,,3,6,,
312,312105,31210502,3121050202,4,1,"NGOS [UNICEF]",2,2014,4,1,"NGO [WAR CHILD UK]",2,6,,
312,312105,31210502,3121050202,5,1,"NGOS [SAVE THE CHILDREN",10,5,2,1,"NGO [SHARP]",7,6,,
313,313102,31310205,3131020505,1,1,,5,2014,2,1,,5,6,3,"SCHOOL CLOSED FOR HOLIDAY"
313,313102,31310205,3131020505,2,1,,6,2014,2,1,,6,6,3,"SCHOOL CLOSED FOR HOLIDAY"
313,313102,31310205,3131020505,3,1,,6,2014,1,1,,6,6,3,"SCHOOL CLOSED FOR HOLIDAY"
313,313102,31310205,3131020505,4,2,,,,,2,,,,3,"SCHOOL CLOSED FOR HOLIDAY"
313,313102,31310205,3131020505,5,2,,,,,2,,,,3,"SCHOOL CLOSED FOR HOLIDAY"
313,313104,31310403,3131040312,1,1,,5,2014,4,1,,5,6,3,"SCHOOL CLOSED FOR HOLIDAYS. NO ONE AROUND"
313,313104,31310403,3131040312,2,2,,,,,2,,,,3,"SCHOOL CLOSED FOR HOLIDAYS. NO ONE AROUND"
313,313104,31310403,3131040312,3,1,,5,2014,2,1,,5,6,3,"SCHOOL CLOSED FOR HOLIDAYS. NO ONE AROUND"
313,313104,31310403,3131040312,4,1,"ASS DIS",5,2014,1,1,"ASS.DIS",5,6,3,"SCHOOL CLOSED FOR HOLIDAYS. NO ONE AROUND"
313,313104,31310403,3131040312,5,1,"RDC",4,2014,4,1,"RDC",4,6,3,"SCHOOL CLOSED FOR HOLIDAYS. NO ONE AROUND"
314,314103,31410304,3141030403,1,1,,10,5,2,1,,12,5,2,
314,314103,31410304,3141030403,2,1,,10,5,8,1,,2,6,2,
314,314103,31410304,3141030403,3,1,,7,5,2,1,,3,6,2,
314,314103,31410304,3141030403,4,1,"SUB COUNTY CHIEF",11,5,1,1,"ESA",3,6,2,
314,314103,31410304,3141030403,5,2,,,,,1,"GOAL",2,6,2,
317,317101,31710101,3171010102,1,2,,,,,,,,,,
317,317101,31710101,3171010102,2,1,,7,2014,2,,,,,,
317,317101,31710101,3171010102,3,1,,4,2014,2,,,,,,
317,317101,31710101,3171010102,4,1,"NGO[YOUFRA]",7,2014,8,,,,,,
317,317101,31710101,3171010102,5,1,"SCHOOL MANAGEMENT COMMITTEE  MEMBERS",7,2014,8,,,,,,
317,317102,31710202,3171020201,1,1,,8,5,2,1,,7,5,2,
317,317102,31710202,3171020201,2,1,,11,5,1,1,,5,6,2,
317,317102,31710202,3171020201,3,1,,12,5,1,1,,11,5,2,
317,317102,31710202,3171020201,4,1,"ministry of education and sports",11,5,3,1,"UW EZO [NGO]",10,5,2,
317,317102,31710202,3171020201,5,1,"sub-county  chief",10,5,2,2,,,,2,
317,317106,31710605,3171060512,1,1,,12,5,1,1,,4,6,2,
317,317106,31710605,3171060512,2,1,,12,5,1,1,,11,5,2,
317,317106,31710605,3171060512,3,1,,7,5,2,1,,5,6,2,
317,317106,31710605,3171060512,4,1,"S.M.C",12,5,8,1,"Town  Clerk",5,6,2,
317,317106,31710605,3171060512,5,1,"FOUNDATION BODY",3,5,4,1,"RURAL ELECTRIFICATION",11,5,2,
318,318103,31810302,3181030204,1,1,,2,2014,2,,,,,1,
318,318103,31810302,3181030204,1,1,,2,2014,2,,,,,1,
318,318103,31810302,3181030204,1,1,,2,2014,2,1,,3,6,1,
318,318103,31810302,3181030204,1,1,,2,2014,2,1,,3,6,1,
318,318103,31810302,3181030204,2,1,,11,5,2,,,,,1,
318,318103,31810302,3181030204,2,1,,11,5,2,,,,,1,
318,318103,31810302,3181030204,2,1,,11,5,2,1,,6,6,1,
318,318103,31810302,3181030204,2,1,,11,5,2,1,,6,6,1,
318,318103,31810302,3181030204,3,1,,10,5,2,1,,6,6,1,
318,318103,31810302,3181030204,3,1,,10,5,2,1,,6,6,1,
318,318103,31810302,3181030204,3,1,,10,5,2,,,,,1,
318,318103,31810302,3181030204,3,1,,10,5,2,,,,,1,
318,318103,31810302,3181030204,4,1,"ASSOCIATE ASSESSORS",11,5,1,1,"chairperson girl child education movement",4,6,1,
318,318103,31810302,3181030204,4,1,"ASSOCIATE ASSESSORS",11,5,1,1,"chairperson girl child education movement",4,6,1,
318,318103,31810302,3181030204,4,1,"ASSOCIATE ASSESSORS",11,5,1,,,,,1,
318,318103,31810302,3181030204,4,1,"ASSOCIATE ASSESSORS",11,5,1,,,,,1,
318,318103,31810302,3181030204,5,2,,,,,1,"Associate assessors",5,6,1,
318,318103,31810302,3181030204,5,2,,,,,1,"Associate assessors",5,6,1,
318,318103,31810302,3181030204,5,2,,,,,,,,,1,
318,318103,31810302,3181030204,5,2,,,,,,,,,1,
318,318107,31810705,3181070501,1,1,,10,5,1,1,,2,6,1,
318,318107,31810705,3181070501,2,1,,9,5,1,1,,4,6,1,
318,318107,31810705,3181070501,3,1,,10,5,1,1,,3,6,1,
318,318107,31810705,3181070501,4,1,"LC5",9,5,1,1,"ADRA(U)",3,6,1,
318,318107,31810705,3181070501,5,2,,,,,1,,2,6,1,
318,318114,31811402,3181140207,1,,,,,,1,,7,6,3,"THE SCHOOL WAS CLOSED FOR HOLIDAYS"
318,318114,31811402,3181140207,2,,,,,,1,,7,6,3,"THE SCHOOL WAS CLOSED FOR HOLIDAYS"
318,318114,31811402,3181140207,3,,,,,,1,,7,6,3,"THE SCHOOL WAS CLOSED FOR HOLIDAYS"
318,318114,31811402,3181140207,4,,,,,,1,"ASSOCIATE ASSESSERS",7,6,3,"THE SCHOOL WAS CLOSED FOR HOLIDAYS"
318,318114,31811402,3181140207,5,,,,,,1,"CHAIR PERSON SCHOOL MANAGEMENT COMMITTE",7,6,3,"THE SCHOOL WAS CLOSED FOR HOLIDAYS"
319,319103,31910303,3191030304,1,1,,4,2014,1,1,,4,6,3,"school closed for holidays.no one found to respond"
319,319103,31910303,3191030304,2,1,,3,2014,2,1,,3,6,3,"school closed for holidays.no one found to respond"
319,319103,31910303,3191030304,3,1,,6,2014,1,1,,6,6,3,"school closed for holidays.no one found to respond"
319,319103,31910303,3191030304,4,1,"ASS. DEO",4,2014,2,1,"ASS DEO",4,6,3,"school closed for holidays.no one found to respond"
319,319103,31910303,3191030304,5,1,"ASS DIS",4,2014,1,1,"ASS,DIS",4,6,3,"school closed for holidays.no one found to respond"
319,319105,31910508,3191050803,1,1,,11,5,4,1,,7,6,1,
319,319105,31910508,3191050803,2,2,,,,,1,,7,6,1,
319,319105,31910508,3191050803,3,1,,10,5,2,1,,7,6,1,
319,319105,31910508,3191050803,4,1,"ASS .EDO",7,5,2,1,"ASS DEO",8,6,1,
319,319105,31910508,3191050803,5,1,"ASS .DIS",10,5,3,1,"ASS INSPECTOR",6,6,1,
319,319107,31910702,3191070202,1,2,,,,,1,,7,5,1,
319,319107,31910702,3191070202,2,1,,9,5,2,1,,9,5,1,
319,319107,31910702,3191070202,3,1,,7,5,2,1,,2,6,1,
319,319107,31910702,3191070202,4,1,"ASS DEO",10,5,1,1,"ADEO",9,5,1,
319,319107,31910702,3191070202,5,1,"ASSOCIATE SUPERVISORS",10,5,1,1,"assessors",10,5,1,
320,320103,32010303,3201030323,1,1,,8,5,2,1,,12,5,1,
320,320103,32010303,3201030323,2,1,,7,5,1,1,,11,5,1,
320,320103,32010303,3201030323,3,1,,9,5,1,1,,2,6,1,
320,320103,32010303,3201030323,4,1,"CAO",9,5,3,1,"SEC OF EDUCFROM TOWN COUNCIL",2,6,1,
320,320103,32010303,3201030323,5,1,"RDC",9,5,2,1,"CAO",10,5,1,
320,320108,32010808,3201080801,1,1,,6,5,4,2,,,,1,
320,320108,32010808,3201080801,2,1,,4,5,4,2,,,,1,
320,320108,32010808,3201080801,3,1,,8,5,2,1,,7,5,1,
320,320108,32010808,3201080801,4,1,"LC 3 CM",10,5,1,1,"DIS",2,6,1,
320,320108,32010808,3201080801,5,2,,,,,1,,11,5,1,
321,321103,32110304,3211030405,1,1,,6,5,2,2,,,,,
321,321103,32110304,3211030405,2,1,,5,5,2,1,,11,5,,
321,321103,32110304,3211030405,3,1,,5,5,2,1,,4,6,,
321,321103,32110304,3211030405,4,1,"NGOS -WORLD VISION",9,5,1,1,"NGO[WORLD VISION",3,6,,
321,321103,32110304,3211030405,5,1,"NGOS -MAP INTERNATIONAL",11,5,1,1,"NGO[MAP INTERNATIONAL",3,6,,
321,321105,32110505,3211050502,1,2,,,,,,,,,3,"HOLIDAYS"
321,321105,32110505,3211050502,2,1,,4,2014,2,,,,,3,"HOLIDAYS"
321,321105,32110505,3211050502,3,1,,8,5,2,,,,,3,"HOLIDAYS"
321,321105,32110505,3211050502,4,1,"ASSOCIATE ASSESSORS",5,2014,2,,,,,3,"HOLIDAYS"
321,321105,32110505,3211050502,5,1,"SUB-COUNTY CHIEF",4,2014,4,,,,,3,"HOLIDAYS"
321,321106,32110601,3211060105,1,2,,,,,2,,,,2,
321,321106,32110601,3211060105,2,2,,,,,1,,3,6,2,
321,321106,32110601,3211060105,3,1,,6,5,2,2,,,,2,
321,321106,32110601,3211060105,4,1,"HEAD TEACHERS ASSOCIATES",5,5,2,1,"Associate Supervisors",3,6,2,
321,321106,32110601,3211060105,5,1,"NGOS",1,5,4,1,"NGO[MANGO TREE",3,6,2,
321,321107,32110706,3211070617,1,2,,,,,2,,,,1,
321,321107,32110706,3211070617,2,1,,11,5,2,1,,6,6,1,
321,321107,32110706,3211070617,3,1,,2,2014,2,1,,6,6,1,
321,321107,32110706,3211070617,4,1,"ASSOCIATE ACESSERS",8,5,2,1,"ASSOCIATE ACCESSORS",7,6,1,
321,321107,32110706,3211070617,5,2,,,,,1,"SUB-COUNTY CHIEF",8,6,1,
322,322108,32210802,3221080206,1,2,,,,,,,,,3,"holidays"
322,322108,32210802,3221080206,2,1,,5,2014,2,,,,,3,"holidays"
322,322108,32210802,3221080206,3,2,,,,,,,,,3,"holidays"
322,322108,32210802,3221080206,4,1,"SAVE THE CHILDREN[NGO]",7,2014,8,,,,,3,"holidays"
322,322108,32210802,3221080206,5,1,"LC 111",7,2014,1,,,,,3,"holidays"
322,322111,32211104,3221110412,1,2,,,,,2,,,,2,
322,322111,32211104,3221110412,2,1,,7,5,2,1,,10,5,2,
322,322111,32211104,3221110412,3,1,,6,5,1,1,,3,6,2,
322,322111,32211104,3221110412,4,1,"NGOS [IAS]",8,5,1,1,"ASSOCIATE INSPECTORS",2,6,2,
322,322111,32211104,3221110412,5,2,,,,,1,,4,6,2,
323,323104,32310403,3231040301,1,1,,9,5,8,,,,,1,
323,323104,32310403,3231040301,2,1,,9,5,1,,,,,1,
323,323104,32310403,3231040301,3,1,,10,5,2,,,,,1,
323,323104,32310403,3231040301,4,1,"CAO",9,5,8,,,,,1,
323,323104,32310403,3231040301,5,1,"RDC",9,5,8,,,,,1,
323,323106,32310604,3231060409,1,1,,6,5,4,1,,9,5,,
323,323106,32310604,3231060409,2,1,,11,5,2,1,,4,6,,
323,323106,32310604,3231060409,3,2,,,,,2,,,,,
323,323106,32310604,3231060409,4,1,"EDUCATION ACCESSERS",11,5,2,1,"sub-county chief",5,6,,
323,323106,32310604,3231060409,5,1,"SUB-COUNTY CHIEF",11,5,2,1,"school management",6,6,,
323,323107,32310701,3231070104,1,2,,,,,,,,,3,"holidays"
323,323107,32310701,3231070104,2,1,,7,2014,4,,,,,3,"holidays"
323,323107,32310701,3231070104,3,1,,7,2014,2,,,,,3,"holidays"
323,323107,32310701,3231070104,4,1,"ASSOCIATE ACESSORS",5,2014,2,,,,,3,"holidays"
323,323107,32310701,3231070104,5,1,"PLAN UGANDA- [NGO]",7,2014,2,,,,,3,"holidays"
323,323108,32310802,3231080204,1,,,,,,1,,10,5,1,
323,323108,32310802,3231080204,2,,,,,,1,,3,6,1,
323,323108,32310802,3231080204,3,,,,,,1,,4,6,1,
323,323108,32310802,3231080204,4,,,,,,1,"Associate  Acessors",3,6,1,
323,323108,32310802,3231080204,5,,,,,,1,"Sub-county Headteachers Association",4,6,1,
325,325101,32510102,3251010205,1,1,,9,5,2,,,,,1,
325,325101,32510102,3251010205,2,1,,9,5,2,,,,,1,
325,325101,32510102,3251010205,3,1,,9,5,1,,,,,1,
325,325101,32510102,3251010205,4,1,"WORLD VISION TEAM",8,5,1,,,,,1,
325,325101,32510102,3251010205,5,1,"ABOKE MANAGEMENT  ASSOCIATION",7,5,2,,,,,1,
325,325103,32510305,3251030508,1,1,,11,5,3,1,,11,5,2,
325,325103,32510305,3251030508,2,1,,11,5,2,1,,10,5,2,
325,325103,32510305,3251030508,3,1,,11,5,2,1,,6,6,2,
325,325103,32510305,3251030508,4,1,"EDUCATION COMMITEE FROM SUB-COUNTY",9,5,2,1,"SUB-COUNTY CHIEF",6,6,2,
325,325103,32510305,3251030508,5,2,,,,,1,"NGO[DROP IN THE BUCKET",6,6,2,
325,325103,32510306,3251030601,1,2,,,,,1,,2,6,2,
325,325103,32510306,3251030601,2,1,,9,5,3,1,,3,6,2,
325,325103,32510306,3251030601,3,1,,6,5,3,1,,3,6,2,
325,325103,32510306,3251030601,4,1,"sub-county councilors",7,5,2,1,"District councillors",2,6,2,
325,325103,32510306,3251030601,5,2,,,,,1,,12,5,2,
325,325103,32510306,3251030602,1,2,,,,,1,,2,6,2,
325,325103,32510306,3251030602,2,1,,9,5,3,1,,3,6,2,
325,325103,32510306,3251030602,3,1,,6,5,3,1,,3,6,2,
325,325103,32510306,3251030602,4,1,"SUB-COUNTY",7,5,2,1,"District councillors",2,6,2,
325,325103,32510306,3251030602,5,2,,,,,1,,12,5,2,
327,327103,32710303,3271030305,1,1,,3,2014,2,1,,3,6,3,"IT WAS HOLIDAY TIME SO THE SCHOOL WAS CLOSED"
327,327103,32710303,3271030305,2,1,,5,2014,2,1,,3,6,3,"IT WAS HOLIDAY TIME SO THE SCHOOL WAS CLOSED"
327,327103,32710303,3271030305,3,1,,5,2014,1,1,,3,6,3,"IT WAS HOLIDAY TIME SO THE SCHOOL WAS CLOSED"
327,327103,32710303,3271030305,4,1,"WFP,WELT HUNGER",5,2014,1,1,"WFP,WELT HUNGER",5,6,3,"IT WAS HOLIDAY TIME SO THE SCHOOL WAS CLOSED"
327,327103,32710303,3271030305,5,2,,,,,2,,,,3,"IT WAS HOLIDAY TIME SO THE SCHOOL WAS CLOSED"
329,329106,32910602,3291060206,1,,,,,,2,,,,,
329,329106,32910602,3291060206,2,,,,,,1,,3,6,,
329,329106,32910602,3291060206,3,,,,,,1,,11,5,,
329,329106,32910602,3291060206,4,,,,,,1,"parish chiefs",5,6,,
329,329106,32910602,3291060206,5,,,,,,1,"Sub-county chief",3,6,,
330,330107,33010701,3301070101,1,1,,4,5,4,2,,,,1,
330,330107,33010701,3301070101,2,2,,,,,2,,,,1,
330,330107,33010701,3301070101,3,1,,8,5,1,1,,11,5,1,
330,330107,33010701,3301070101,4,1,"ASSOCIATE ASSESSORS",3,5,4,1,"SMC",4,6,1,
330,330107,33010701,3301070101,5,2,,,,,2,,,,1,
330,330107,33010703,3301070303,1,2,,,,,1,,9,5,1,
330,330107,33010703,3301070303,2,1,,7,5,2,2,,,,1,
330,330107,33010703,3301070303,3,1,,6,5,2,1,,11,5,1,
330,330107,33010703,3301070303,4,1,"LC3",11,5,2,1,"sec sociol service",10,5,1,
330,330107,33010703,3301070303,5,2,,,,,2,,,,1,
330,330110,33011001,3301100102,1,,,,,,,,,,3,"SCHOOL CLOSED FOR HOLIDAY"
330,330110,33011001,3301100102,2,,,,,,,,,,3,"SCHOOL CLOSED FOR HOLIDAY"
330,330110,33011001,3301100102,3,,,,,,,,,,3,"SCHOOL CLOSED FOR HOLIDAY"
330,330110,33011001,3301100102,4,,,,,,,,,,3,"SCHOOL CLOSED FOR HOLIDAY"
330,330110,33011001,3301100102,5,,,,,,,,,,3,"SCHOOL CLOSED FOR HOLIDAY"
402,402207,40220705,4022070507,1,1,,11,4,4,1,,5,6,1,
402,402207,40220705,4022070507,2,1,,9,5,3,1,,3,6,1,
402,402207,40220705,4022070507,3,1,,10,5,1,1,,3,6,1,
402,402207,40220705,4022070507,4,2,,,,,1,"CHIEF ADMINISTRATIVE OFFICER",4,6,1,
402,402207,40220705,4022070507,5,2,,,,,2,,,,1,
402,402208,40220805,4022080505,1,1,,6,5,3,,,,,1,
402,402208,40220805,4022080505,2,1,,11,5,2,,,,,1,
402,402208,40220805,4022080505,3,1,,9,5,2,,,,,1,
402,402208,40220805,4022080505,4,1,"SUB ACCOUNTANT TO CHECK ON THE UPE FUNDS",8,5,4,,,,,1,
402,402208,40220805,4022080505,5,2,,,,,,,,,1,
403,403101,40310102,4031010202,1,1,,7,5,2,2,,,,1,
403,403101,40310102,4031010202,2,1,,7,5,2,1,,4,6,1,
403,403101,40310102,4031010202,3,1,,8,5,2,1,,3,6,1,
403,403101,40310102,4031010202,4,1,"DISTRICT PLANNER",9,5,8,2,,,,1,
403,403101,40310102,4031010202,5,2,,,,,2,,,,1,
403,403105,40310505,4031050502,1,,,,,,,,,,3,"holiday time"
403,403105,40310505,4031050502,2,,,,,,,,,,3,"holiday time"
403,403105,40310505,4031050502,3,,,,,,,,,,3,"holiday time"
403,403105,40310505,4031050502,4,,,,,,,,,,3,"holiday time"
403,403105,40310505,4031050502,5,,,,,,,,,,3,"holiday time"
403,403201,40320102,4032010205,1,1,,11,5,2,1,,3,6,1,
403,403201,40320102,4032010205,2,1,,11,5,1,1,,3,6,1,
403,403201,40320102,4032010205,3,1,,11,5,1,1,,5,6,1,
403,403201,40320102,4032010205,4,1,"CHAIRMAN SCHOOL MANAGEMENT",11,5,1,2,,,,1,
403,403201,40320102,4032010205,5,1,"AREA COUNCILLOR",10,5,2,2,,,,1,
403,403205,40320504,4032050403,1,2,,,,,,,,,1,
403,403205,40320504,4032050403,2,1,,11,5,2,,,,,1,
403,403205,40320504,4032050403,3,2,,,,,,,,,1,
403,403205,40320504,4032050403,4,2,,,,,,,,,1,
403,403205,40320504,4032050403,5,2,,,,,,,,,1,
403,403301,40330104,4033010412,1,,,,,,,,,,3,"REFUSED"
403,403301,40330104,4033010412,2,,,,,,,,,,3,"REFUSED"
403,403301,40330104,4033010412,3,,,,,,,,,,3,"REFUSED"
403,403301,40330104,4033010412,4,,,,,,,,,,3,"REFUSED"
403,403301,40330104,4033010412,5,,,,,,,,,,3,"REFUSED"
404,404102,40410203,4041020302,1,1,,10,5,3,2,,,,3,"SCHOOL IN HOLIDAY"
404,404102,40410203,4041020302,2,1,,7,5,2,2,,,,3,"SCHOOL IN HOLIDAY"
404,404102,40410203,4041020302,3,1,,6,5,2,2,,,,3,"SCHOOL IN HOLIDAY"
404,404102,40410203,4041020302,4,2,,,,,1,,5,6,3,"SCHOOL IN HOLIDAY"
404,404102,40410203,4041020302,5,2,,,,,2,,,,3,"SCHOOL IN HOLIDAY"
404,404207,40420704,4042070409,1,1,,9,5,2,1,,4,6,3,"SCHOOL IN HOLIDAY"
404,404207,40420704,4042070409,2,1,,9,5,2,1,,6,6,3,"SCHOOL IN HOLIDAY"
404,404207,40420704,4042070409,3,1,,10,5,1,1,,5,6,3,"SCHOOL IN HOLIDAY"
404,404207,40420704,4042070409,4,2,,,,,2,,,,3,"SCHOOL IN HOLIDAY"
404,404207,40420704,4042070409,5,2,,,,,2,,,,3,"SCHOOL IN HOLIDAY"
404,404403,40440303,4044030303,1,2,,,,,2,,,,1,
404,404403,40440303,4044030303,2,1,,11,5,3,1,,11,5,1,
404,404403,40440303,4044030303,3,2,,,,,2,,,,1,
404,404403,40440303,4044030303,4,2,,,,,2,,,,1,
404,404403,40440303,4044030303,5,2,,,,,2,,,,1,
405,405104,40510402,4051040205,1,1,,10,5,2,1,,6,6,2,
405,405104,40510402,4051040205,2,1,,10,5,2,1,,6,6,2,
405,405104,40510402,4051040205,3,2,,,,,1,,5,6,2,
405,405104,40510402,4051040205,4,1,"AREA MP",10,5,4,2,,,,2,
405,405104,40510402,4051040205,5,1,"LC III C/MAN",10,5,2,2,,,,2,
405,405208,40520803,4052080304,1,2,,,,,,,,,1,
405,405208,40520803,4052080304,2,2,,,,,,,,,1,
405,405208,40520803,4052080304,3,1,,2,2014,1,,,,,1,
405,405208,40520803,4052080304,4,2,,,,,,,,,1,
405,405208,40520803,4052080304,5,2,,,,,,,,,1,
405,405211,40521103,4052110310,1,1,,6,5,3,1,,11,5,1,
405,405211,40521103,4052110310,2,1,,8,5,8,1,,11,5,1,
405,405211,40521103,4052110310,3,1,,8,5,2,1,,2,6,1,
405,405211,40521103,4052110310,4,1,"CDO",9,5,8,2,,,,1,
405,405211,40521103,4052110310,5,2,,,,,2,,,,1,
405,405301,40530104,4053010409,1,1,,8,5,1,1,,2,6,1,
405,405301,40530104,4053010409,2,1,,7,5,2,1,,2,6,1,
405,405301,40530104,4053010409,3,1,,7,5,2,2,,,,1,
405,405301,40530104,4053010409,4,2,,,,,2,,,,1,
405,405301,40530104,4053010409,5,2,,,,,2,,,,1,
405,405302,40530203,4053020304,1,1,,7,2014,2,,,,,3,"HOLIDAY TIME"
405,405302,40530203,4053020304,2,1,,4,2014,2,,,,,3,"HOLIDAY TIME"
405,405302,40530203,4053020304,3,1,,5,2014,2,,,,,3,"HOLIDAY TIME"
405,405302,40530203,4053020304,4,2,,,,,,,,,3,"HOLIDAY TIME"
405,405302,40530203,4053020304,5,2,,,,,,,,,3,"HOLIDAY TIME"
406,406108,40610804,4061080401,1,1,,3,2014,3,,,,,3,"HOLIDAY"
406,406108,40610804,4061080401,2,1,,3,2014,3,,,,,3,"HOLIDAY"
406,406108,40610804,4061080401,3,2,,,,,,,,,3,"HOLIDAY"
406,406108,40610804,4061080401,4,1,"LC III CHAIRMAN",5,2014,2,,,,,3,"HOLIDAY"
406,406108,40610804,4061080401,5,1,"INCHARGE OF SECURITY OF THE AREA",6,2014,8,,,,,3,"HOLIDAY"
406,406201,40620102,4062010203,1,1,,7,2014,1,,,,,,
406,406201,40620102,4062010203,2,1,,7,2014,1,,,,,,
406,406201,40620102,4062010203,3,1,,7,2014,1,,,,,,
406,406201,40620102,4062010203,4,1,"EDUCATION ACCESSOR",7,2014,2,,,,,,
406,406201,40620102,4062010203,5,2,,,,,,,,,,
406,406210,40621003,4062100306,1,1,,11,5,1,1,,3,6,1,
406,406210,40621003,4062100306,2,1,,10,5,2,1,,3,6,1,
406,406210,40621003,4062100306,3,1,,10,5,2,1,,3,6,1,
406,406210,40621003,4062100306,4,2,,,,,2,,,,1,
406,406210,40621003,4062100306,5,2,,,,,2,,,,1,
406,406212,40621201,4062120102,1,1,,2,2014,1,,,,,1,
406,406212,40621201,4062120102,2,1,,9,5,2,,,,,1,
406,406212,40621201,4062120102,3,1,,2,2014,1,,,,,1,
406,406212,40621201,4062120102,4,2,,,,,,,,,1,
406,406212,40621201,4062120102,5,2,,,,,,,,,1,
406,406303,40630307,4063030706,1,1,,8,5,2,1,,4,6,1,
406,406303,40630307,4063030706,2,1,,9,5,2,1,,4,6,1,
406,406303,40630307,4063030706,3,2,,,,,2,,,,1,
406,406303,40630307,4063030706,4,1,"GISO",9,5,2,1,"area councillor",3,6,1,
406,406303,40630307,4063030706,5,1,"MUNICIPAL COUNCILLORS",9,5,8,2,,,,1,
407,407202,40720204,4072020402,1,1,,4,2014,2,,,,,3,"holiday"
407,407202,40720204,4072020402,2,1,,4,2014,2,,,,,3,"holiday"
407,407202,40720204,4072020402,3,1,,5,2014,2,,,,,3,"holiday"
407,407202,40720204,4072020402,4,1,"SUBCOUNTY CHIEF",6,2014,8,,,,,3,"holiday"
407,407202,40720204,4072020402,5,2,,,,,,,,,3,"holiday"
407,407205,40720501,4072050104,1,,,,,,,,,,3,"WEEKEND"
407,407205,40720501,4072050104,2,,,,,,,,,,3,"WEEKEND"
407,407205,40720501,4072050104,3,,,,,,,,,,3,"WEEKEND"
407,407205,40720501,4072050104,4,,,,,,,,,,3,"WEEKEND"
407,407205,40720501,4072050104,5,,,,,,,,,,3,"WEEKEND"
407,407303,40730303,4073030305,1,2,,,,,,,,,1,
407,407303,40730303,4073030305,2,1,,2,2014,1,,,,,1,
407,407303,40730303,4073030305,3,1,,2,2014,8,,,,,1,
407,407303,40730303,4073030305,4,2,,,,,,,,,1,
407,407303,40730303,4073030305,5,2,,,,,,,,,1,
407,407306,40730604,4073060419,1,2,,,,,,,,,3,"WEEKEND"
407,407306,40730604,4073060419,2,2,,,,,,,,,3,"WEEKEND"
407,407306,40730604,4073060419,3,2,,,,,,,,,3,"WEEKEND"
407,407306,40730604,4073060419,4,1,"SUBCOUNTY CHIEF",3,2014,2,,,,,3,"WEEKEND"
407,407306,40730604,4073060419,5,1,"HEALTH INSPECTOR",3,2014,2,,,,,3,"WEEKEND"
408,408102,40810201,4081020104,1,1,,6,5,4,1,,9,5,1,
408,408102,40810201,4081020104,2,1,,8,5,2,1,,10,5,1,
408,408102,40810201,4081020104,3,2,,,,,2,,,,1,
408,408102,40810201,4081020104,4,2,,,,,2,,,,1,
408,408102,40810201,4081020104,5,2,,,,,2,,,,1,
408,408112,40811202,4081120206,1,1,,2,2014,4,,,,,1,
408,408112,40811202,4081120206,2,1,,10,5,2,,,,,1,
408,408112,40811202,4081120206,3,1,,7,5,3,,,,,1,
408,408112,40811202,4081120206,4,1,"SUB COUNTY CHIEF",12,5,2,,,,,1,
408,408112,40811202,4081120206,5,2,,,,,,,,,1,
408,408113,40811304,4081130406,1,1,,10,5,4,1,,11,5,1,
408,408113,40811304,4081130406,2,1,,8,5,2,1,,11,5,1,
408,408113,40811304,4081130406,3,2,,,,,2,,,,1,
408,408113,40811304,4081130406,4,2,,,,,2,,,,1,
408,408113,40811304,4081130406,5,2,,,,,2,,,,1,
409,409101,40910104,4091010401,1,1,,10,5,1,,,,,2,
409,409101,40910104,4091010401,2,1,,10,5,1,,,,,2,
409,409101,40910104,4091010401,3,1,,11,5,1,,,,,2,
409,409101,40910104,4091010401,4,2,,,,,,,,,2,
409,409101,40910104,4091010401,5,2,,,,,,,,,2,
409,409203,40920305,4092030509,1,1,,6,2014,1,,,,,3,"HOLIDAY &WEEKEND"
409,409203,40920305,4092030509,2,1,,6,2014,1,,,,,3,"HOLIDAY &WEEKEND"
409,409203,40920305,4092030509,3,2,,,,,,,,,3,"HOLIDAY &WEEKEND"
409,409203,40920305,4092030509,4,1,"RED EARTH",6,2014,2,,,,,3,"HOLIDAY &WEEKEND"
409,409203,40920305,4092030509,5,2,,,,,,,,,3,"HOLIDAY &WEEKEND"
409,409301,40930103,4093010304,1,1,,11,5,1,1,,5,6,1,
409,409301,40930103,4093010304,2,1,,11,5,1,1,,5,6,1,
409,409301,40930103,4093010304,3,1,,11,5,1,1,,5,6,1,
409,409301,40930103,4093010304,4,1,"BISHOP",11,5,8,2,,,,1,
409,409301,40930103,4093010304,5,2,,,,,2,,,,1,
410,410102,41010204,4101020405,1,1,,12,5,2,,,,,1,
410,410102,41010204,4101020405,2,1,,11,5,8,,,,,1,
410,410102,41010204,4101020405,3,1,,10,5,2,,,,,1,
410,410102,41010204,4101020405,4,2,,,,,,,,,1,
410,410102,41010204,4101020405,5,2,,,,,,,,,1,
410,410105,41010502,4101050204,1,1,,10,5,2,1,,6,6,3,"Not done schools in holidays"
410,410105,41010502,4101050204,2,1,,11,5,2,1,,7,6,3,"Not done schools in holidays"
410,410105,41010502,4101050204,3,1,,11,5,3,1,,2,6,3,"Not done schools in holidays"
410,410105,41010502,4101050204,4,2,,,,,2,,,,3,"Not done schools in holidays"
410,410105,41010502,4101050204,5,2,,,,,2,,,,3,"Not done schools in holidays"
410,410201,41020101,4102010106,1,1,,8,5,2,,,,,1,
410,410201,41020101,4102010106,2,1,,9,5,1,,,,,1,
410,410201,41020101,4102010106,3,1,,9,5,1,,,,,1,
410,410201,41020101,4102010106,4,1,"Health Inspector",7,5,4,,,,,1,
410,410201,41020101,4102010106,5,2,,,,,,,,,1,
410,410201,41020101,4102010107,1,,,,,,,,,,3,"SCHOOL IN HOLIDAY"
410,410201,41020101,4102010107,1,2,,,,,2,,,,3,"SCHOOL IN HOLIDAY"
410,410201,41020101,4102010107,2,1,,8,5,2,1,,7,6,3,"SCHOOL IN HOLIDAY"
410,410201,41020101,4102010107,2,,,,,,,,,,3,"SCHOOL IN HOLIDAY"
410,410201,41020101,4102010107,3,,,,,,,,,,3,"SCHOOL IN HOLIDAY"
410,410201,41020101,4102010107,3,1,,11,5,2,1,,6,6,3,"SCHOOL IN HOLIDAY"
410,410201,41020101,4102010107,4,,,,,,,,,,3,"SCHOOL IN HOLIDAY"
410,410201,41020101,4102010107,4,2,,,,,2,,,,3,"SCHOOL IN HOLIDAY"
410,410201,41020101,4102010107,5,2,,,,,2,,,,3,"SCHOOL IN HOLIDAY"
410,410201,41020101,4102010107,5,,,,,,,,,,3,"SCHOOL IN HOLIDAY"
410,410303,41030306,4103030601,1,1,,6,5,3,,,,,1,
410,410303,41030306,4103030601,2,1,,7,5,2,,,,,1,
410,410303,41030306,4103030601,3,1,,8,5,1,,,,,1,
410,410303,41030306,4103030601,4,2,,,,,,,,,1,
410,410303,41030306,4103030601,5,2,,,,,,,,,1,
411,411103,41110301,4111030105,1,2,,,,,,,,,1,
411,411103,41110301,4111030105,2,1,,10,5,2,,,,,1,
411,411103,41110301,4111030105,3,1,,10,5,2,,,,,1,
411,411103,41110301,4111030105,4,2,,,,,,,,,1,
411,411103,41110301,4111030105,5,2,,,,,,,,,1,
411,411203,41120302,4112030202,1,1,,10,5,1,1,,7,6,3,"Shools in holidays"
411,411203,41120302,4112030202,2,1,,10,5,1,1,,7,6,3,"Shools in holidays"
411,411203,41120302,4112030202,3,2,,,,,1,,7,6,3,"Shools in holidays"
411,411203,41120302,4112030202,4,1,"DIOCENSE EDUCATION SECRETARY",11,5,1,1,"DIOCENCE EDUCATION SECRETARY",7,6,3,"Shools in holidays"
411,411203,41120302,4112030202,5,2,,,,,2,,,,3,"Shools in holidays"
411,411302,41130202,4113020204,1,1,,11,4,4,2,,,,3,"schools in holidays"
411,411302,41130202,4113020204,2,1,,10,5,2,1,,7,6,3,"schools in holidays"
411,411302,41130202,4113020204,3,1,,10,4,8,2,,,,3,"schools in holidays"
411,411302,41130202,4113020204,4,2,,,,,2,,,,3,"schools in holidays"
411,411302,41130202,4113020204,5,2,,,,,2,,,,3,"schools in holidays"
411,411304,41130402,4113040203,1,1,,2,5,4,2,,,,1,
411,411304,41130402,4113040203,2,1,,7,5,2,1,,2,6,1,
411,411304,41130402,4113040203,3,1,,9,5,1,1,,12,5,1,
411,411304,41130402,4113040203,4,2,,,,,2,,,,1,
411,411304,41130402,4113040203,5,2,,,,,2,,,,1,
411,411402,41140202,4114020204,1,2,,,,,,,,,1,
411,411402,41140202,4114020204,2,1,,3,5,3,,,,,1,
411,411402,41140202,4114020204,3,1,,7,5,2,,,,,1,
411,411402,41140202,4114020204,4,2,,,,,,,,,1,
411,411402,41140202,4114020204,5,2,,,,,,,,,1,
411,411403,41140303,4114030308,1,2,,,,,2,,,,3,"SCHOOL CLOSED FOR HOLIDAYS"
411,411403,41140303,4114030308,2,1,,11,5,4,1,,11,5,3,"SCHOOL CLOSED FOR HOLIDAYS"
411,411403,41140303,4114030308,3,1,,3,5,4,2,,,,3,"SCHOOL CLOSED FOR HOLIDAYS"
411,411403,41140303,4114030308,4,2,,,,,2,,,,3,"SCHOOL CLOSED FOR HOLIDAYS"
411,411403,41140303,4114030308,5,2,,,,,2,,,,3,"SCHOOL CLOSED FOR HOLIDAYS"
412,412103,41210304,4121030414,1,2,,,,,2,,,,1,
412,412103,41210304,4121030414,2,1,,12,5,2,1,,7,6,1,
412,412103,41210304,4121030414,3,1,,11,5,1,1,,4,6,1,
412,412103,41210304,4121030414,4,1,"COMPASSION INTERNATIONAL",11,5,1,2,,,,1,
412,412103,41210304,4121030414,5,2,,,,,2,,,,1,
412,412201,41220107,4122010704,1,1,,3,5,4,2,,,,1,
412,412201,41220107,4122010704,2,1,,6,5,3,1,,3,6,1,
412,412201,41220107,4122010704,3,1,,5,5,3,1,,3,6,1,
412,412201,41220107,4122010704,4,2,,,,,2,,,,1,
412,412201,41220107,4122010704,5,2,,,,,2,,,,1,
412,412203,41220304,4122030405,1,1,,2,5,4,1,,2,5,3,"SCHOOLS IN HOLIDAYS FULLY CLOSED"
412,412203,41220304,4122030405,2,1,,3,5,4,1,,3,5,3,"SCHOOLS IN HOLIDAYS FULLY CLOSED"
412,412203,41220304,4122030405,3,1,,6,5,4,1,,6,5,3,"SCHOOLS IN HOLIDAYS FULLY CLOSED"
412,412203,41220304,4122030405,4,1,"RDC",4,5,4,1,"RDC",4,5,3,"SCHOOLS IN HOLIDAYS FULLY CLOSED"
412,412203,41220304,4122030405,5,1,"SUB COUNTY CHIEF",5,5,4,1,"Sub county chief",5,5,3,"SCHOOLS IN HOLIDAYS FULLY CLOSED"
414,414116,41411601,4141160106,1,1,,11,5,4,1,,11,5,1,
414,414116,41411601,4141160106,2,1,,8,5,2,1,,3,6,1,
414,414116,41411601,4141160106,3,1,,11,5,8,1,,4,6,1,
414,414116,41411601,4141160106,4,2,,,,,2,,,,1,
414,414116,41411601,4141160106,5,2,,,,,2,,,,1,
415,415105,41510502,4151050204,1,2,,,,,2,,,,2,
415,415105,41510502,4151050204,2,1,,8,5,2,1,,8,5,2,
415,415105,41510502,4151050204,3,1,,6,5,2,1,,3,6,2,
415,415105,41510502,4151050204,4,1,"ACCESSOR",10,5,1,1,"COUNCIL ENGINEER",4,6,2,
415,415105,41510502,4151050204,5,2,,,,,2,,,,2,
415,415106,41510608,4151060812,1,2,,,,,2,,,,1,
415,415106,41510608,4151060812,2,1,,8,5,2,1,,3,6,1,
415,415106,41510608,4151060812,3,1,,8,5,1,2,,,,1,
415,415106,41510608,4151060812,4,1,"ACCESSOR",6,5,2,2,,,,1,
415,415106,41510608,4151060812,5,2,,,,,2,,,,1,
415,415110,41511004,4151100404,1,1,,7,2014,2,,,,,3,"HOLIDAY TIME"
415,415110,41511004,4151100404,2,1,,7,2014,2,,,,,3,"HOLIDAY TIME"
415,415110,41511004,4151100404,3,1,,4,2014,2,,,,,3,"HOLIDAY TIME"
415,415110,41511004,4151100404,4,2,,,,,,,,,3,"HOLIDAY TIME"
415,415110,41511004,4151100404,5,2,,,,,,,,,3,"HOLIDAY TIME"
415,415114,41511407,4151140703,1,1,,7,5,2,2,,,,2,
415,415114,41511407,4151140703,2,2,,,,,1,,11,4,2,
415,415114,41511407,4151140703,3,2,,,,,1,,2,6,2,
415,415114,41511407,4151140703,4,1,"C/MAN SCHOOL MANAGEMENT COMMITTEE",7,5,1,2,,,,2,
415,415114,41511407,4151140703,5,2,,,,,2,,,,2,
417,417101,41710101,4171010109,1,1,,4,5,4,1,,2,5,1,
417,417101,41710101,4171010109,2,1,,2,5,4,1,,3,5,1,
417,417101,41710101,4171010109,3,1,,2,5,3,2,,,,1,
417,417101,41710101,4171010109,4,2,,,,,2,,,,1,
417,417101,41710101,4171010109,5,2,,,,,2,,,,1,
417,417102,41710201,4171020103,1,1,,10,5,2,1,,2,6,1,
417,417102,41710201,4171020103,2,1,,10,5,1,1,,3,6,1,
417,417102,41710201,4171020103,3,1,,10,5,1,1,,4,6,1,
417,417102,41710201,4171020103,4,2,,,,,2,,,,1,
417,417102,41710201,4171020103,5,2,,,,,2,,,,1,
417,417104,41710401,4171040107,1,2,,,,,2,,,,1,
417,417104,41710401,4171040107,2,1,,10,5,3,1,,10,5,1,
417,417104,41710401,4171040107,3,2,,,,,2,,,,1,
417,417104,41710401,4171040107,4,2,,,,,1,"PARISH CHIEF",3,6,1,
417,417104,41710401,4171040107,5,2,,,,,2,,,,1,
417,417105,41710501,4171050107,1,1,,4,5,1,,,,,1,
417,417105,41710501,4171050107,2,1,,9,5,2,,,,,1,
417,417105,41710501,4171050107,3,1,,6,5,2,,,,,1,
417,417105,41710501,4171050107,4,2,,,,,,,,,1,
417,417105,41710501,4171050107,5,2,,,,,,,,,1,
417,417110,41711004,4171100404,1,1,,10,5,3,1,,6,5,3,"SCHOOLS IN HOLIDAYS"
417,417110,41711004,4171100404,2,2,,,,,2,,,,3,"SCHOOLS IN HOLIDAYS"
417,417110,41711004,4171100404,3,2,,,,,2,,,,3,"SCHOOLS IN HOLIDAYS"
417,417110,41711004,4171100404,4,2,,,,,2,,,,3,"SCHOOLS IN HOLIDAYS"
417,417110,41711004,4171100404,5,2,,,,,2,,,,3,"SCHOOLS IN HOLIDAYS"
417,417114,41711404,4171140402,1,1,,9,5,3,,,,,1,
417,417114,41711404,4171140402,2,1,,10,5,2,,,,,1,
417,417114,41711404,4171140402,3,1,,10,5,2,,,,,1,
417,417114,41711404,4171140402,4,2,,,,,,,,,1,
417,417114,41711404,4171140402,5,2,,,,,,,,,1,
418,418104,41810403,4181040301,1,1,,9,4,4,2,,,,3,"Schools in holidays"
418,418104,41810403,4181040301,2,1,,7,5,3,1,,6,6,3,"Schools in holidays"
418,418104,41810403,4181040301,3,1,,6,4,4,2,,,,3,"Schools in holidays"
418,418104,41810403,4181040301,4,2,,,,,2,,,,3,"Schools in holidays"
418,418104,41810403,4181040301,5,2,,,,,2,,,,3,"Schools in holidays"
418,418201,41820102,4182010203,1,1,,4,5,3,2,,,,3,"Not done Schools in holidays"
418,418201,41820102,4182010203,2,1,,11,5,2,1,,7,6,3,"Not done Schools in holidays"
418,418201,41820102,4182010203,3,1,,11,5,1,1,,7,6,3,"Not done Schools in holidays"
418,418201,41820102,4182010203,4,2,,,,,2,,,,3,"Not done Schools in holidays"
418,418201,41820102,4182010203,5,2,,,,,2,,,,3,"Not done Schools in holidays"
418,418202,41820201,4182020104,1,1,,8,5,2,1,,4,6,2,
418,418202,41820201,4182020104,2,1,,10,5,2,1,,4,6,2,
418,418202,41820201,4182020104,3,1,,10,5,1,1,,2,6,2,
418,418202,41820201,4182020104,4,2,,,,,1,"External accessors",2,6,2,
418,418202,41820201,4182020104,5,2,,,,,2,,,,2,
418,418209,41820907,4182090702,1,2,,,,,1,,12,5,1,
418,418209,41820907,4182090702,2,1,,7,5,2,1,,2,6,1,
418,418209,41820907,4182090702,3,1,,9,5,1,2,,,,1,
418,418209,41820907,4182090702,4,1,"MELLENIUM GOALS OFFICIALS",10,5,1,1,"MILLENNIUM GOAL PROJECT",4,6,1,
418,418209,41820907,4182090702,5,2,,,,,2,,,,1,
419,419204,41920402,4192040205,1,1,,3,5,4,1,,2,6,1,
419,419204,41920402,4192040205,2,1,,10,5,2,1,,3,6,1,
419,419204,41920402,4192040205,3,1,,7,5,2,1,,3,6,1,
419,419204,41920402,4192040205,4,2,,,,,2,,,,1,
419,419204,41920402,4192040205,5,2,,,,,2,,,,1,
420,420107,42010704,4201070403,1,1,,7,5,3,1,,4,6,3,"SCHOOL IN HOLIDAYS"
420,420107,42010704,4201070403,2,1,,10,5,2,1,,4,6,3,"SCHOOL IN HOLIDAYS"
420,420107,42010704,4201070403,3,1,,10,5,2,2,,,,3,"SCHOOL IN HOLIDAYS"
420,420107,42010704,4201070403,4,2,,,,,2,,,,3,"SCHOOL IN HOLIDAYS"
420,420107,42010704,4201070403,5,2,,,,,2,,,,3,"SCHOOL IN HOLIDAYS"
420,420108,42010803,4201080309,1,1,,7,5,1,1,,6,6,3,"schools in holidays"
420,420108,42010803,4201080309,2,1,,11,5,1,1,,7,6,3,"schools in holidays"
420,420108,42010803,4201080309,3,1,,6,5,1,1,,7,6,3,"schools in holidays"
420,420108,42010803,4201080309,4,1,"CAO",5,5,2,1,"CAO",6,6,3,"schools in holidays"
420,420108,42010803,4201080309,5,1,"SUB COUNTY",4,5,2,1,"SUB COUNTY CHIEF",5,6,3,"schools in holidays"
421,421108,42110801,4211080107,1,1,,9,5,1,1,,3,6,1,
421,421108,42110801,4211080107,2,1,,6,5,2,1,,3,6,1,
421,421108,42110801,4211080107,3,1,,10,5,1,1,,4,6,1,
421,421108,42110801,4211080107,4,1,"LC III C/M",9,5,8,2,,,,1,
421,421108,42110801,4211080107,5,2,,,,,2,,,,1,
422,422102,42210204,4221020401,1,1,,10,5,2,,,,,3,"weekend"
422,422102,42210204,4221020401,2,1,,2,2014,1,,,,,3,"weekend"
422,422102,42210204,4221020401,3,2,,,,,,,,,3,"weekend"
422,422102,42210204,4221020401,4,2,,,,,,,,,3,"weekend"
422,422102,42210204,4221020401,5,2,,,,,,,,,3,"weekend"
423,423109,42310905,4231090509,1,,,,,,,,,,3,"SCHOOL CLOSED, ITS A WEEKEND"
423,423109,42310905,4231090509,2,,,,,,,,,,3,"SCHOOL CLOSED, ITS A WEEKEND"
423,423109,42310905,4231090509,3,,,,,,,,,,3,"SCHOOL CLOSED, ITS A WEEKEND"
423,423109,42310905,4231090509,4,,,,,,,,,,3,"SCHOOL CLOSED, ITS A WEEKEND"
423,423109,42310905,4231090509,5,,,,,,,,,,3,"SCHOOL CLOSED, ITS A WEEKEND"
426,426104,42610402,4261040201,1,1,,11,5,3,,,,,1,
426,426104,42610402,4261040201,2,1,,11,5,2,,,,,1,
426,426104,42610402,4261040201,3,1,,8,5,2,,,,,1,
426,426104,42610402,4261040201,4,1,"SUB COUNTY CHIEF",7,5,3,,,,,1,
426,426104,42610402,4261040201,5,1,"SUB ACCOUNTANT",9,5,3,,,,,1,
