"id_hh","wgt","ea","rural"
"H00101-04-01",8509.0029296875,1,2
"H00102-04-01",0,1,2
"H00104-04-01",5105.40185546875,1,1
"H00110-04-01",0,1,2
"H00208-04-01",9335.5107421875,2,1
"H00209-04-01",0,2,1
"H00211-04-01",6317.57177734375,2,1
"H00213-04-01",4335.94580078125,2,1
"H00301-04-01",18496.880859375,3,1
"H00302-04-01",0,3,1
"H00303-04-01",NA,3,1
"H00304-04-01",0,3,1
"H00307-04-01",8317.0458984375,3,1
"H00312-04-01",13384.783203125,3,1
"H00313-04-01",14541.7490234375,3,1
"H00606-04-01",5638.8046875,6,1
"H00704-04-01",7432.66259765625,7,1
"H00707-04-01",2649.068359375,7,1
"H00710-04-01",4893.1787109375,7,1
"H00712-04-01",6047.96484375,7,1
"H00801-04-01",2248.71069335938,8,1
"H00802-04-01",4436.29443359375,8,1
"H00803-04-01",9480.21484375,8,1
"H00805-04-01",7756.5390625,8,1
"H00809-04-01",0,8,1
"H00810-04-02",2721.5927734375,8,1
"H00810-04-03",0,8,1
"H00811-04-01",6885.0205078125,8,1
"H01209-04-01",4844.5263671875,12,1
"H01209-04-02",3113.435546875,12,1
"H01209-04-03",2436.439453125,12,1
"H01210-04-01",386.365051269531,12,1
"H01401-04-01",0,14,1
"H01402-04-01",4160.9921875,14,1
"H01406-04-01",21713.75390625,14,1
"H01409-04-01",17567.7734375,14,1
"H01601-04-01",5152.521484375,16,1
"H01604-04-01",7728.78271484375,16,1
"H01605-04-01",2256.85473632813,16,1
"H01607-04-01",3278.87719726563,16,1
"H01612-04-01",1579.79833984375,16,1
"H01801-04-01",8882.4296875,18,1
"H01806-04-01",2609.00732421875,18,1
"H01806-04-02",0,18,2
"H01809-04-01",3806.75561523438,18,1
"H01813-04-01",3404.26831054688,18,1
"H02108-04-01",3528.55883789063,21,1
"H02110-04-01",6732.40869140625,21,1
"H02111-04-01",5613.6162109375,21,1
"H02113-04-01",7192.75830078125,21,1
"H02203-04-01",7011.400390625,22,1
"H02205-04-01",0,22,1
"H02206-04-01",4084.31396484375,22,1
"H02207-04-01",3691.49462890625,22,1
"H02304-04-01",7353.66552734375,23,2
"H02305-04-01",2398.40209960938,23,1
"H02310-04-01",7195.20654296875,23,1
"H02401-04-01",7144.07421875,24,2
"H02407-04-01",0,24,1
"H02409-04-01",27073.59765625,24,1
"H02412-04-01",7568.630859375,24,1
"H02507-04-01",7690.921875,25,1
"H02601-04-01",0,26,1
"H02601-04-02",1878.6708984375,26,1
"H02602-04-01",5374.99462890625,26,1
"H02608-04-01",964.181640625,26,1
"H02608-04-02",0,26,1
"H02609-04-01",1560.16552734375,26,1
"H02703-04-02",3040.47412109375,27,1
"H02705-04-01",1221.35522460938,27,1
"H02705-04-02",3664.06567382813,27,1
"H02706-04-01",0,27,1
"H02710-04-01",4453.953125,27,1
"H02711-04-01",10021.39453125,27,1
"H02711-04-02",10021.39453125,27,1
"H02711-04-03",0,27,1
"H02802-04-01",3054.6962890625,28,1
"H02803-04-01",2697.33374023438,28,1
"H02811-04-01",6077.53369140625,28,1
"H03001-04-01",738.003479003906,30,2
"H03003-04-01",885.604125976563,30,1
"H03005-04-01",885.604125976563,30,1
"H03006-04-01",738.003479003906,30,1
"H03010-04-01",1476.00695800781,30,1
"H03401-04-01",0,34,1
"H03408-04-01",0,34,2
"H03409-04-01",4259.14208984375,34,1
"H03409-04-02",3447.876953125,34,1
"H03410-04-01",3275.32373046875,34,1
"H03410-04-02",0,34,1
"H03503-04-01",9324.16796875,35,1
"H03511-04-01",1551.845703125,35,1
"H03512-04-01",2460.42431640625,35,1
"H03515-04-01",0,35,1
"H03601-04-01",3473.80932617188,36,2
"H03602-04-04",1551.61462402344,36,2
"H03603-04-05",1854.84423828125,36,2
"H03604-04-04",6368.64892578125,36,2
"H03604-04-08",10007.537109375,36,2
"H03604-04-09",0,36,2
"H03605-04-02",0,36,2
"H03607-04-01",11223.3486328125,36,2
"H03608-04-01",2782.26635742188,36,2
"H03704-04-01",6882.4482421875,37,2
"H03705-04-01",4669.0556640625,37,2
"H03706-04-01",3732.669921875,37,2
"H03707-04-01",3534.50073242188,37,2
"H03707-04-02",NA,37,1
"H03709-04-01",13370.9326171875,37,2
"H03711-04-02",0,37,2
"H03711-04-03",11310.40234375,37,2
"H03711-04-04",0,37,2
"H03804-04-01",NA,38,1
"H03807-04-01",NA,38,1
"H03809-04-01",NA,38,1
"H03810-04-01",NA,38,1
"H03811-04-01",NA,38,1
"H03813-04-01",NA,38,1
"H03901-04-01",NA,39,2
"H03902-04-01",NA,39,2
"H03903-04-01",NA,39,2
"H03906-04-01",NA,39,2
"H03907-04-01",NA,39,2
"H03908-04-01",NA,39,2
"H03909-04-01",12473.36328125,39,2
"H03909-04-02",NA,39,2
"H03910-04-01",NA,39,2
"H04001-04-01",NA,40,2
"H04002-04-01",NA,40,2
"H04003-04-01",NA,40,2
"H04003-04-03",0,40,1
"H04004-04-01",NA,40,1
"H04005-04-01",NA,40,2
"H04006-04-01",NA,40,2
"H04007-04-01",NA,40,2
"H04009-04-01",NA,40,2
"H04010-04-01",NA,40,2
"H04010-04-02",NA,40,2
"H04011-04-01",NA,40,1
"H04011-04-02",13652.5166015625,40,1
"H04201-04-01",0,42,2
"H04202-04-01",2505.0283203125,42,1
"H04203-04-01",0,42,2
"H04204-04-01",10674.1572265625,42,2
"H04205-04-01",1897.62817382813,42,2
"H04206-04-01",23533.884765625,42,2
"H04207-04-01",2862.88940429688,42,2
"H04208-04-01",NA,42,1
"H04208-04-02",0,42,2
"H04209-04-01",0,42,2
"H04210-04-01",1347.56237792969,42,2
"H04501-04-01",10296.5556640625,45,1
"H04505-04-01",8833.5576171875,45,1
"H04508-04-02",NA,45,1
"H04508-04-03",NA,45,1
"H04508-04-04",NA,45,1
"H04509-04-01",8151.04345703125,45,2
"H04602-04-01",NA,46,2
"H04603-04-01",NA,46,2
"H04604-04-01",NA,46,2
"H04606-04-01",NA,46,2
"H04606-04-02",NA,46,2
"H04607-04-01",NA,46,2
"H04608-04-01",NA,46,2
"H04609-04-01",NA,46,2
"H04610-04-01",NA,46,2
"H04610-04-02",NA,46,2
"H04610-04-03",NA,46,2
"H04801-04-01",0,48,1
"H04802-04-01",2276.240234375,48,2
"H04802-04-02",NA,48,2
"H04802-04-03",0,48,1
"H04803-04-02",3894.08081054688,48,2
"H04804-04-01",2980.68896484375,48,2
"H04805-04-01",0,48,2
"H04806-04-01",1823.1015625,48,2
"H04807-04-01",5961.3779296875,48,2
"H04808-04-01",2440.74951171875,48,1
"H04808-04-02",0,48,1
"H04810-04-01",2100.36865234375,48,2
"H04903-04-01",4895.97265625,49,2
"H04905-04-01",829.046325683594,49,2
"H04907-04-01",1740.99743652344,49,2
"H04908-04-01",2034.68969726563,49,2
"H04909-04-01",1672.22436523438,49,2
"H04910-04-01",2736.3671875,49,2
"H04912-04-01",2089.50659179688,49,2
"H04913-04-01",3237.87109375,49,2
"H04913-04-02",0,49,2
"H04913-04-03",0,49,2
"H04913-04-04",4856.806640625,49,2
"H04913-04-05",3885.44506835938,49,2
"H04913-04-06",0,49,2
"H05002-04-01",1472.0087890625,50,2
"H05003-04-01",3167.23193359375,50,2
"H05003-04-02",7390.20751953125,50,1
"H05004-04-01",835.586669921875,50,2
"H05005-04-01",957.159118652344,50,2
"H05006-04-01",2672.03442382813,50,2
"H05007-04-01",2375.1416015625,50,2
"H05008-04-01",1847.55187988281,50,2
"H05009-04-01",3562.71264648438,50,2
"H05010-04-01",3079.25317382813,50,2
"H05101-04-01",0,51,2
"H05102-04-01",4558.79638671875,51,2
"H05103-04-01",10360.2421875,51,2
"H05104-04-01",11347.6884765625,51,2
"H05105-04-01",7348.60400390625,51,2
"H05106-04-01",2793.69653320313,51,2
"H05107-04-01",6128.65966796875,51,2
"H05108-04-01",6252.0634765625,51,2
"H05109-04-01",9805.8564453125,51,2
"H05110-04-01",0,51,2
"H05301-04-01",0,53,1
"H05302-04-01",8723.6630859375,53,2
"H05303-04-01",7975.919921875,53,2
"H05304-04-01",0,53,2
"H05305-04-01",0,53,2
"H05305-04-02",0,53,1
"H05305-04-03",0,53,2
"H05305-04-05",0,53,1
"H05306-04-01",5456.05029296875,53,2
"H05306-04-02",0,53,2
"H05308-04-01",4171.4072265625,53,2
"H05309-04-01",0,53,2
"H05310-04-01",3619.13500976563,53,2
"H05310-04-02",11581.232421875,53,2
"H05403-04-01",2503.04760742188,54,2
"H05404-04-01",5774.130859375,54,2
"H05405-04-01",16686.982421875,54,2
"H05406-04-01",5132.56103515625,54,2
"H05407-04-01",5964.3310546875,54,2
"H05407-04-02",0,54,2
"H05409-04-01",2083.99829101563,54,2
"H05410-04-01",2781.16381835938,54,2
"H05412-04-01",8740.5029296875,54,2
"H05412-04-02",11876.3701171875,54,2
"H05412-04-03",0,54,1
"H05701-04-01",5976.39013671875,57,2
"H05702-04-01",3460.76977539063,57,2
"H05703-04-01",6203.95751953125,57,2
"H05704-04-01",11074.4638671875,57,2
"H05705-04-01",1460.58776855469,57,2
"H05706-04-01",3949.52856445313,57,2
"H05707-04-01",3735.24365234375,57,2
"H05709-04-01",2556.02880859375,57,2
"H05710-04-01",11374.642578125,57,2
"H05711-04-01",3460.76977539063,57,2
"H05711-04-02",3460.76977539063,57,2
"H05901-04-01",11117.7099609375,59,1
"H05903-04-01",5566.671875,59,2
"H05904-04-01",8350.0078125,59,1
"H05906-04-01",6442.93505859375,59,1
"H05906-04-02",0,59,2
"H05910-04-01",3820.57983398438,59,1
"H06001-04-01",5139.66162109375,60,2
"H06005-04-01",6167.59423828125,60,1
"H06006-04-01",5855.00634765625,60,1
"H06007-04-01",13463.8916015625,60,1
"H06008-04-01",7105.595703125,60,2
"H06009-04-01",5167.7060546875,60,1
"H06010-04-01",3850.2861328125,60,1
"H06101-04-01",1038.69030761719,61,2
"H06102-04-01",3553.88208007813,61,2
"H06103-04-01",3833.74829101563,61,2
"H06104-04-01",23924.84765625,61,2
"H06104-04-02",0,61,1
"H06104-04-03",NA,61,1
"H06105-04-01",4352.45947265625,61,2
"H06105-04-02",2040.21533203125,61,2
"H06107-04-01",10738.7216796875,61,2
"H06108-04-01",0,61,2
"H06109-04-01",1780.61206054688,61,2
"H06110-04-01",1643.03491210938,61,2
"H06201-04-01",240.253799438477,62,2
"H06203-04-01",1686.37780761719,62,2
"H06207-04-01",1081.14208984375,62,2
"H06208-04-01",880.4560546875,62,2
"H06209-04-01",NA,62,2
"H06301-04-01",2958.61499023438,63,2
"H06302-04-01",5981.2119140625,63,2
"H06303-04-01",2421.91186523438,63,2
"H06303-04-02",0,63,2
"H06303-04-03",5449.3017578125,63,2
"H06305-04-01",2094.490234375,63,1
"H06306-04-01",2336.74951171875,63,1
"H06307-04-01",2524.06372070313,63,2
"H06309-04-01",5407.26318359375,63,1
"H06310-04-01",12289.2333984375,63,1
"H06310-04-02",0,63,1
"H06310-04-03",0,63,1
"H06401-04-01",18231.232421875,64,2
"H06402-04-01",3881.19091796875,64,2
"H06403-04-01",9102.8154296875,64,2
"H06404-04-01",2606.80444335938,64,2
"H06405-04-01",2982.65673828125,64,2
"H06406-04-01",776.238159179688,64,2
"H06408-04-01",1341.80615234375,64,2
"H06409-04-01",2236.34350585938,64,2
"H06410-04-01",6986.14501953125,64,2
"H06411-04-01",931.73486328125,64,2
"H06601-04-01",0,66,2
"H06602-04-01",13680.8525390625,66,2
"H06603-04-01",1139.45104980469,66,2
"H06604-04-01",1164.99011230469,66,2
"H06605-04-01",3883.30053710938,66,2
"H06606-04-01",5438.07275390625,66,2
"H06607-04-01",1304.11022949219,66,2
"H06608-04-01",3988.07861328125,66,2
"H06609-04-01",6830.82177734375,66,2
"H06701-04-01",1210.72375488281,67,2
"H06702-04-01",3254.17749023438,67,2
"H06703-04-01",2421.44750976563,67,2
"H06704-04-01",2077.39331054688,67,2
"H06706-04-01",1220.31652832031,67,2
"H06707-04-01",1209.02368164063,67,2
"H06707-04-02",1007.51971435547,67,2
"H06708-04-01",1597.40466308594,67,2
"H06709-04-01",4620.06494140625,67,2
"H06710-04-01",1731.16101074219,67,2
"H06801-04-01",8913.50390625,68,1
"H06802-04-01",7974.94921875,68,1
"H06803-04-01",2355.3671875,68,2
"H06805-04-01",23924.84765625,68,1
"H06806-04-01",5942.3359375,68,1
"H06807-04-01",5093.43115234375,68,2
"H06810-04-01",0,68,2
"H06810-04-02",0,68,2
"H06901-04-01",8405.5458984375,69,1
"H06902-04-01",13330.7744140625,69,1
"H06903-04-01",2125.03247070313,69,1
"H06906-04-01",8844.056640625,69,1
"H06908-04-01",15407.2900390625,69,1
"H06909-04-01",1681.10913085938,69,1
"H06911-04-01",1286.78979492188,69,1
"H06911-04-03",0,69,2
"H06914-04-01",0,69,2
"H07002-04-02",1501.47985839844,70,1
"H07003-04-01",2422.6943359375,70,1
"H07007-04-01",1899.89990234375,70,1
"H07007-04-02",1357.07141113281,70,1
"H07008-04-01",2119.857421875,70,1
"H07009-04-01",1420.52648925781,70,1
"H07010-04-01",500.493286132813,70,1
"H07201-04-01",3824.8876953125,72,2
"H07202-04-01",14618.111328125,72,2
"H07202-04-02",4635.3515625,72,2
"H07203-04-01",2955.14233398438,72,2
"H07204-04-01",738.785583496094,72,2
"H07205-04-01",0,72,2
"H07206-04-01",13790.6640625,72,2
"H07207-04-01",1341.14807128906,72,2
"H07208-04-01",2234.41918945313,72,2
"H07208-04-02",4189.5361328125,72,2
"H07209-04-01",2682.29614257813,72,2
"H07210-04-01",4465.32080078125,72,2
"H07302-04-01",4294.39794921875,73,2
"H07303-04-01",2969.82788085938,73,2
"H07304-04-01",16334.0546875,73,2
"H07304-04-02",0,73,1
"H07305-04-01",11041.423828125,73,2
"H07306-04-01",2471.99267578125,73,2
"H07307-04-01",1409.65502929688,73,2
"H07309-04-01",3884.42846679688,73,2
"H07310-04-01",2162.99365234375,73,2
"H07311-04-01",14831.95703125,73,2
"H07403-04-01",4165.98388671875,74,2
"H07404-04-01",3636.84643554688,74,2
"H07406-04-01",7283.9208984375,74,2
"H07408-04-01",8898.1748046875,74,2
"H07408-04-02",NA,74,2
"H07408-04-03",0,74,2
"H07410-04-01",9104.900390625,74,2
"H07412-04-01",4165.98388671875,74,2
"H07413-04-01",3167.5390625,74,2
"H07501-04-01",3818.78857421875,75,2
"H07502-04-01",12228.5439453125,75,2
"H07502-04-02",NA,75,2
"H07502-04-03",NA,75,1
"H07502-04-04",0,75,1
"H07502-04-06",NA,75,2
"H07502-04-07",7472.99951171875,75,1
"H07504-04-01",2457.14331054688,75,2
"H07506-04-01",3658.3662109375,75,2
"H07507-04-01",1494.59985351563,75,2
"H07508-04-01",8431.806640625,75,2
"H07509-04-01",0,75,2
"H07509-04-02",9274.986328125,75,2
"H07509-04-03",4233.95068359375,75,2
"H07509-04-04",9274.986328125,75,2
"H07510-04-01",1660.66650390625,75,2
"H08101-04-01",14180.224609375,81,1
"H08102-04-01",38481.28125,81,1
"H08102-04-02",0,81,1
"H08102-04-03",NA,81,1
"H08102-04-04",NA,81,1
"H08102-04-06",0,81,1
"H08103-04-01",3803.81640625,81,1
"H08107-04-01",5071.7548828125,81,2
"H08110-04-01",14515.1875,81,1
"H08114-04-01",17404.513671875,81,1
"H08301-04-01",5649.1171875,83,2
"H08302-04-01",4393.7578125,83,2
"H08302-04-02",0,83,2
"H08302-04-03",NA,83,2
"H08302-04-04",0,83,2
"H08303-04-01",1293.52648925781,83,2
"H08304-04-01",7957.9970703125,83,2
"H08305-04-01",27634.033203125,83,2
"H08306-04-01",840.41796875,83,2
"H08307-04-02",6590.63720703125,83,2
"H08307-04-03",2196.87890625,83,2
"H08308-04-01",16711.791015625,83,2
"H08308-04-03",0,83,2
"H08309-04-01",2302.8359375,83,1
"H08310-04-01",6590.63720703125,83,2
"H08402-04-01",3061.2568359375,84,2
"H08404-04-01",4081.67578125,84,2
"H08405-04-01",3694.734375,84,2
"H08406-04-01",5432.7109375,84,2
"H08406-04-02",5432.7109375,84,1
"H08406-04-03",10865.421875,84,1
"H08406-04-04",0,84,2
"H08408-04-01",9658.15234375,84,2
"H08409-04-01",33932.484375,84,2
"H08409-04-02",10865.421875,84,2
"H08410-04-01",4114.59033203125,84,2
"H08411-04-01",0,84,1
"H08501-04-01",6302.81982421875,85,2
"H08502-04-01",2092.1708984375,85,2
"H08503-04-01",33932.484375,85,2
"H08503-04-02",4587.77099609375,85,1
"H08503-04-03",6792.76220703125,85,2
"H08504-04-01",6389.6640625,85,2
"H08505-04-01",3707.73071289063,85,2
"H08506-04-01",11847.826171875,85,2
"H08507-04-01",13461.591796875,85,2
"H08508-04-01",987.31884765625,85,2
"H08509-04-01",2961.95654296875,85,2
"H08510-04-01",NA,85,2
"H08510-04-02",0,85,1
"H08602-04-01",5526.76416015625,86,2
"H08602-04-02",0,86,2
"H08602-04-03",3070.42431640625,86,2
"H08603-04-01",6427.9873046875,86,2
"H08605-04-01",17055.3828125,86,2
"H08609-04-01",9204.0234375,86,2
"H08611-04-01",7363.21826171875,86,2
"H08701-04-01",NA,87,2
"H08703-04-01",NA,87,2
"H08704-04-01",NA,87,2
"H08706-04-01",NA,87,2
"H08707-04-01",NA,87,2
"H08708-04-01",NA,87,2
"H08708-04-02",0,87,2
"H08709-04-01",NA,87,2
"H08710-04-01",NA,87,2
"H08801-04-01",NA,88,2
"H08802-04-01",NA,88,2
"H08802-04-02",0,88,2
"H08803-04-01",NA,88,2
"H08804-04-01",NA,88,2
"H08805-04-01",NA,88,2
"H08806-04-01",NA,88,2
"H08810-04-01",NA,88,2
"H08811-04-01",NA,88,2
"H09001-04-01",3242.02783203125,90,1
"H09001-04-02",1512.94641113281,90,1
"H09003-04-01",3836.35815429688,90,2
"H09004-04-01",0,90,1
"H09004-04-02",0,90,2
"H09005-04-01",4538.8388671875,90,2
"H09007-04-01",3170.10864257813,90,2
"H09008-04-01",2968.53833007813,90,1
"H09008-04-02",5442.31982421875,90,1
"H09009-04-01",959.089538574219,90,2
"H09009-04-02",0,90,1
"H09010-04-01",1434.80725097656,90,2
"H09011-04-01",9515.5,90,1
"H09101-04-01",8404.1123046875,91,2
"H09102-04-01",2400.533203125,91,2
"H09103-04-01",717.416625976563,91,2
"H09105-04-01",2178.52099609375,91,2
"H09105-04-02",778.043212890625,91,2
"H09106-04-01",0,91,2
"H09106-04-02",0,91,1
"H09107-04-01",0,91,2
"H09108-04-01",1021.58441162109,91,2
"H09109-04-01",1343.59973144531,91,2
"H09110-04-01",1679.49975585938,91,2
"H09111-04-01",750.166625976563,91,2
"H09203-04-01",8949.5869140625,92,2
"H09206-04-01",3064.056640625,92,2
"H09208-04-01",5059.5029296875,92,2
"H09209-04-01",10133.234375,92,2
"H09210-04-01",1118.69836425781,92,2
"H09403-04-01",12545.388671875,94,1
"H09403-04-02",3470.09155273438,94,1
"H09410-04-01",0,94,1
"H09501-04-01",0,95,1
"H09504-04-01",2661.2109375,95,1
"H09505-04-01",7603.45947265625,95,1
"H09509-04-01",6227.2216796875,95,1
"H09510-04-01",4073.99951171875,95,1
"H09513-04-01",1357.99987792969,95,1
"H09514-04-01",1631.89147949219,95,1
"H09604-04-01",7065.7724609375,96,1
"H09605-04-01",18842.05859375,96,1
"H09608-04-01",6223.69873046875,96,1
"H09609-04-01",4425.7412109375,96,1
"H09610-04-01",5868.55712890625,96,1
"H09613-04-01",0,96,1
"H09701-04-01",3615.41772460938,97,1
"H09705-04-01",7201.3212890625,97,1
"H09706-04-01",6822.63818359375,97,1
"H09710-04-01",4450.4140625,97,1
"H09901-04-01",0,99,1
"H09902-04-01",30315.873046875,99,2
"H09903-04-01",7568.32666015625,99,2
"H09905-04-01",3295.845703125,99,2
"H09906-04-01",0,99,2
"H09908-04-01",4540.99609375,99,2
"H09909-04-01",7715.12255859375,99,2
"H09910-04-01",6063.17431640625,99,2
"H10002-04-01",10634.794921875,100,1
"H10003-04-01",25449.36328125,100,2
"H10004-04-01",15661.1474609375,100,1
"H10007-04-01",19389.9921875,100,2
"H10007-04-02",16966.2421875,100,2
"H10009-04-01",9967.4580078125,100,1
"H10009-04-02",NA,100,1
"H10010-04-01",11746.54296875,100,2
"H10011-04-01",7438.49755859375,100,1
"H10201-04-01",8967.4521484375,102,1
"H10201-04-02",0,102,2
"H10205-04-01",9686.2861328125,102,1
"H10207-04-01",6083.52294921875,102,1
"H10209-04-01",9686.2861328125,102,1
"H10210-04-01",8967.453125,102,2
"H10303-04-01",NA,103,1
"H10304-04-01",4053.32055664063,103,1
"H10306-04-01",22621.658203125,103,1
"H10309-04-01",5136.748046875,103,1
"H10311-04-01",5353.9169921875,103,2
"H10312-04-01",17192.66796875,103,1
"H10701-04-01",2508.91748046875,107,2
"H10701-04-02",0,107,2
"H10701-04-03",1338.08935546875,107,2
"H10702-04-01",967.444702148438,107,2
"H10703-04-01",2506.0146484375,107,2
"H10704-04-01",1720.40051269531,107,2
"H10704-04-02",1146.93371582031,107,2
"H10706-04-01",2355.36059570313,107,2
"H10706-04-02",NA,107,2
"H10707-04-01",3403.11376953125,107,2
"H10708-04-01",5734.6689453125,107,2
"H10709-04-01",2902.333984375,107,2
"H10710-04-01",11193.3857421875,107,2
"H10710-04-02",0,107,1
"H10710-04-03",3731.12866210938,107,1
"H10710-04-04",0,107,2
"H10710-04-05",0,107,2
"H10801-04-01",2041.76696777344,108,2
"H10802-04-01",2760.86743164063,108,2
"H10803-04-01",3696.24340820313,108,2
"H10803-04-02",0,108,2
"H10803-04-03",NA,108,2
"H10804-04-01",3834.25415039063,108,2
"H10805-04-01",3644.34521484375,108,1
"H10806-04-01",9226.173828125,108,2
"H10807-04-01",9574.54296875,108,2
"H10807-04-02",4388.33251953125,108,2
"H10809-04-01",5272.099609375,108,2
"H10810-04-01",2298.57177734375,108,2
"H10902-04-01",NA,109,2
"H10904-04-01",4576.45556640625,109,2
"H10905-04-01",2197.02416992188,109,2
"H10906-04-01",2034.57043457031,109,2
"H10908-04-01",2712.76049804688,109,2
"H10909-04-01",9707.46875,109,2
"H10909-04-02",NA,109,2
"H10909-04-03",8089.55810546875,109,1
"H10909-04-04",NA,109,2
"H10910-04-01",2471.65209960938,109,2
"H11001-04-01",2814.46606445313,110,2
"H11002-04-01",0,110,2
"H11003-04-01",0,110,2
"H11006-04-01",360.385101318359,110,2
"H11007-04-01",0,110,2
"H11009-04-01",0,110,2
"H11010-04-01",0,110,2
"H11011-04-01",0,110,2
"H11403-04-01",0,114,1
"H11405-04-01",0,114,1
"H11406-04-01",3833.58056640625,114,1
"H11409-04-01",534.273803710938,114,1
"H11410-04-01",5877.01171875,114,1
"H11414-04-01",1916.79028320313,114,1
"H11501-04-01",0,115,1
"H11502-04-01",4796.9599609375,115,1
"H11502-04-02",2398.47998046875,115,1
"H11504-04-01",938.718566894531,115,1
"H11505-04-01",4790.22412109375,115,1
"H11506-04-01",5084.7158203125,115,1
"H11506-04-02",4572.642578125,115,1
"H11506-04-03",2980.05908203125,115,2
"H11507-04-01",2055.83984375,115,1
"H11509-04-01",2194.86840820313,115,1
"H11510-04-01",938.718566894531,115,1
"H11801-04-01",2097.52563476563,118,2
"H11804-04-01",8587.5439453125,118,2
"H11805-04-01",671.985778808594,118,2
"H11806-04-01",2621.90698242188,118,2
"H11807-04-01",925.426147460938,118,2
"H11808-04-01",5247.94384765625,118,2
"H11808-04-02",9430.3818359375,118,2
"H11809-04-01",1831.11096191406,118,2
"H11810-04-01",3870.92529296875,118,2
"H11901-04-01",3734.9609375,119,1
"H11902-04-01",7707.75830078125,119,1
"H11903-04-01",0,119,1
"H11903-04-02",0,119,2
"H11905-04-01",3268.09106445313,119,2
"H11907-04-01",1452.48486328125,119,2
"H11908-04-01",2973.43359375,119,2
"H11910-04-01",1284.62646484375,119,2
"H12001-04-01",3933.087890625,120,2
"H12003-04-01",4998.7197265625,120,2
"H12003-04-02",1122.16162109375,120,2
"H12005-04-01",5628.1796875,120,2
"H12006-04-01",25068.408203125,120,2
"H12007-04-01",13497.00390625,120,2
"H12008-04-01",5701.23828125,120,2
"H12008-04-02",2565.55712890625,120,2
"H12009-04-01",0,120,2
"H12010-04-01",0,120,2
"H12011-04-01",7855.13134765625,120,2
"H12303-04-01",1977.62744140625,123,1
"H12306-04-01",2966.44116210938,123,1
"H12310-04-01",1451.25927734375,123,1
"H12311-04-01",3870.02490234375,123,1
"H12401-04-01",737.092041015625,124,1
"H12402-04-01",301.700164794922,124,1
"H12404-04-01",1105.63793945313,124,1
"H12407-04-01",1842.72998046875,124,1
"H12407-04-02",0,124,1
"H12408-04-01",2152.50756835938,124,1
"H12409-04-01",1228.48669433594,124,1
"H12411-04-01",566.993835449219,124,1
"H12501-04-01",6239.04345703125,125,2
"H12502-04-01",2385.02099609375,125,2
"H12504-04-01",10640.62890625,125,2
"H12505-04-01",3576.20654296875,125,2
"H12506-04-01",4334.7958984375,125,2
"H12507-04-01",4293.03759765625,125,2
"H12509-04-01",4534.0703125,125,2
"H12510-04-01",6718.9697265625,125,2
"H12512-04-01",3743.42578125,125,2
"H12601-04-01",4587.21337890625,126,2
"H12603-04-01",4687.4794921875,126,2
"H12604-04-01",2025.69482421875,126,2
"H12605-04-01",8825.5859375,126,2
"H12606-04-01",2992.24462890625,126,2
"H12606-04-02",2244.18334960938,126,2
"H12607-04-01",0,126,2
"H12609-04-01",17953.466796875,126,2
"H12610-04-01",NA,126,2
"H12610-04-02",NA,126,2
"H12611-04-01",3282.11181640625,126,2
"H12701-04-01",0,127,2
"H12701-04-02",0,127,2
"H12703-04-01",4570.31298828125,127,2
"H12704-04-01",3035.822265625,127,2
"H12705-04-01",3437.7978515625,127,2
"H12706-04-01",4858.7568359375,127,2
"H12707-04-01",3339.40454101563,127,2
"H12708-04-01",3521.58740234375,127,2
"H12709-04-01",1337.30932617188,127,2
"H12710-04-01",2062.67895507813,127,2
"H12805-04-01",2206.21166992188,128,1
"H12805-04-02",0,128,1
"H12806-04-01",2208.76733398438,128,1
"H12808-04-01",1472.51147460938,128,1
"H12809-04-01",1149.9736328125,128,1
"H12809-04-02",0,128,1
"H12809-04-03",0,128,1
"H12810-04-01",1295.98803710938,128,1
"H12811-04-01",1149.9736328125,128,2
"H12812-04-01",0,128,2
"H12901-04-01",1761.55285644531,129,1
"H12902-04-02",5133.4072265625,129,2
"H12903-04-01",3157.85302734375,129,2
"H12904-04-01",3821.48657226563,129,2
"H12905-04-01",3789.423828125,129,2
"H12905-04-02",0,129,2
"H12906-04-01",3567.673828125,129,2
"H12907-04-01",3157.85302734375,129,2
"H12908-04-01",3805.51879882813,129,2
"H12909-04-02",3508.72534179688,129,2
"H12910-04-01",2607.44482421875,129,2
"H13002-04-01",1641.79724121094,130,2
"H13003-04-01",1708.10180664063,130,2
"H13004-04-01",2108.44213867188,130,2
"H13005-04-01",5903.63818359375,130,2
"H13006-04-01",7622.6298828125,130,2
"H13006-04-02",10743.6044921875,130,2
"H13006-04-03",2409.4384765625,130,2
"H13006-04-04",0,130,2
"H13006-04-05",NA,130,2
"H13006-04-06",NA,130,2
"H13007-04-01",2951.81909179688,130,2
"H13008-04-01",3838.78198242188,130,2
"H13009-04-01",8891.7509765625,130,2
"H13010-04-01",3490.8369140625,130,2
"H13102-04-01",3372.35205078125,131,2
"H13102-04-02",2248.23486328125,131,2
"H13103-04-01",2628.35888671875,131,2
"H13104-04-01",1720.89099121094,131,2
"H13105-04-01",3637.92260742188,131,2
"H13105-04-02",2182.75341796875,131,2
"H13106-04-01",1973.55285644531,131,2
"H13107-04-02",7713.3564453125,131,2
"H13107-04-03",0,131,2
"H13107-04-04",0,131,2
"H13108-04-01",1971.26916503906,131,2
"H13108-04-02",0,131,2
"H13109-04-01",25068.408203125,131,2
"H13111-04-01",7885.07666015625,131,2
"H13202-04-01",4722.96630859375,132,1
"H13203-04-01",0,132,1
"H13204-04-01",3725.19653320313,132,1
"H13205-04-02",5371.80224609375,132,1
"H13205-04-04",0,132,2
"H13207-04-01",6498.970703125,132,1
"H13208-04-01",2791.69799804688,132,2
"H13208-04-02",0,132,2
"H13209-04-01",3722.26440429688,132,1
"H13210-04-01",2603.24340820313,132,1
"H13303-04-01",1497.29272460938,133,2
"H13306-04-01",510.370666503906,133,2
"H13307-04-01",910.321533203125,133,2
"H13307-04-02",3186.12548828125,133,2
"H13308-04-01",2846.23486328125,133,2
"H13309-04-01",2551.85327148438,133,2
"H13310-04-01",12534.2041015625,133,2
"H13310-04-02",8386.6630859375,133,2
"H13310-04-03",2795.55419921875,133,2
"H13310-04-04",2329.62866210938,133,2
"H13310-04-05",0,133,2
"H13310-04-06",0,133,2
"H13310-04-07",8356.1357421875,133,2
"H13311-04-01",0,133,2
"H14001-04-01",2011.43176269531,140,2
"H14002-04-01",5028.5791015625,140,2
"H14003-04-01",1369.28820800781,140,2
"H14003-04-02",730.287109375,140,2
"H14003-04-03",1701.7109375,140,2
"H14004-04-01",3041.73583984375,140,2
"H14004-04-02",1267.39001464844,140,2
"H14004-04-03",0,140,2
"H14005-04-01",3419.259765625,140,2
"H14006-04-01",5509.20751953125,140,2
"H14006-04-02",1606.85205078125,140,2
"H14007-04-01",442.217254638672,140,2
"H14008-04-01",2112.00341796875,140,2
"H14008-04-02",586.667602539063,140,2
"H14009-04-01",3979.955078125,140,2
"H14010-04-01",3326.89868164063,140,2
"H14101-04-01",1662.73168945313,141,1
"H14104-04-01",544.185241699219,141,2
"H14104-04-02",0,141,1
"H14106-04-01",3514.97607421875,141,1
"H14109-04-01",3481.50024414063,141,2
"H14109-04-03",2811.41772460938,141,1
"H14109-04-04",NA,141,2
"H14110-04-01",1147.74719238281,141,1
"H14111-04-01",1662.73168945313,141,1
"H14201-04-01",0,142,2
"H14202-04-01",934.091247558594,142,2
"H14203-04-01",3946.90747070313,142,2
"H14206-04-01",1841.89025878906,142,2
"H14207-04-01",3056.8330078125,142,2
"H14207-04-02",0,142,2
"H14207-04-03",873.380798339844,142,2
"H14208-04-01",3856.029296875,142,2
"H14209-04-01",1137.13061523438,142,2
"H14210-04-01",4127.36279296875,142,2
"H14301-04-01",3511.548828125,143,2
"H14301-04-02",0,143,2
"H14302-04-01",9791.6025390625,143,2
"H14302-04-02",2106.92895507813,143,2
"H14302-04-03",4895.80126953125,143,2
"H14302-04-04",0,143,2
"H14303-04-01",2089.43359375,143,2
"H14304-04-01",0,143,2
"H14304-04-02",0,143,2
"H14304-04-03",0,143,2
"H14304-04-04",0,143,2
"H14305-04-01",0,143,2
"H14306-04-01",3146.5810546875,143,2
"H14306-04-02",1011.40106201172,143,2
"H14307-04-01",6620.07958984375,143,2
"H14308-04-01",3146.5810546875,143,2
"H14308-04-02",1618.24169921875,143,2
"H14309-04-01",13485.34765625,143,2
"H14309-04-02",8000.58154296875,143,2
"H14309-04-03",0,143,2
"H14309-04-04",4045.60424804688,143,2
"H14309-04-05",13853.5263671875,143,2
"H14310-04-01",3047.09057617188,143,2
"H14401-04-01",514.15234375,144,2
"H14402-04-01",7712.28662109375,144,2
"H14402-04-02",1185.36267089844,144,2
"H14403-04-01",1820.85217285156,144,2
"H14404-04-01",904.406921386719,144,2
"H14404-04-02",0,144,2
"H14404-04-03",0,144,2
"H14405-04-01",864.0068359375,144,2
"H14406-04-01",3018.9287109375,144,2
"H14407-04-01",984.625122070313,144,2
"H14407-04-02",0,144,2
"H14408-04-01",1843.89770507813,144,2
"H14409-04-01",796.622802734375,144,2
"H14410-04-02",2953.87548828125,144,2
"H14601-04-01",6160.3720703125,146,1
"H14606-04-01",0,146,1
"H14612-04-01",770.046508789063,146,1
"H14801-04-01",7310.7490234375,148,2
"H14801-04-02",0,148,2
"H14802-04-01",1516.74353027344,148,2
"H14803-04-01",6199.51806640625,148,2
"H14804-04-01",2759.2158203125,148,2
"H14805-04-01",6167.71142578125,148,2
"H14806-04-01",6494.7333984375,148,2
"H14806-04-02",3350.76025390625,148,2
"H14806-04-03",1979.82360839844,148,2
"H14807-04-01",2361.72143554688,148,2
"H14807-04-02",2066.50610351563,148,2
"H14808-04-01",5399.5185546875,148,2
"H14808-04-02",0,148,2
"H14809-04-01",5242.2548828125,148,2
"H14810-04-01",4723.44287109375,148,2
"H14903-04-01",2416.18603515625,149,2
"H14903-04-02",1812.13940429688,149,2
"H14904-04-01",3433.69482421875,149,2
"H14906-04-01",7855.50439453125,149,2
"H14906-04-02",5891.62841796875,149,2
"H14907-04-01",3397.76123046875,149,2
"H14908-04-01",5143.31005859375,149,2
"H14910-04-01",3214.56884765625,149,2
"H15002-04-01",4012.38403320313,150,2
"H15003-04-01",5349.84521484375,150,2
"H15004-04-01",6170.62060546875,150,2
"H15005-04-01",9152.2578125,150,2
"H15006-04-01",2288.064453125,150,2
"H15007-04-01",4480.43798828125,150,2
"H15007-04-02",3213.62622070313,150,2
"H15008-04-01",20077.724609375,150,2
"H15008-04-02",10038.8623046875,150,2
"H15009-04-01",5948.95556640625,150,2
"H15010-04-01",3188.80126953125,150,2
"H15101-04-01",NA,151,2
"H15102-04-01",2799.35424804688,151,2
"H15102-04-02",0,151,1
"H15103-04-01",3265.91333007813,151,2
"H15104-04-01",1523.82458496094,151,2
"H15105-04-01",3110.39379882813,151,2
"H15106-04-01",1781.46789550781,151,2
"H15107-04-01",4457.17822265625,151,2
"H15108-04-01",6685.76708984375,151,2
"H15109-04-01",5635.970703125,151,2
"H15109-04-02",1972.58984375,151,2
"H15110-04-01",7957.1201171875,151,2
"H15301-04-01",0,153,2
"H15301-04-02",0,153,2
"H15302-04-01",3943.19677734375,153,2
"H15304-04-01",5617.82958984375,153,2
"H15305-04-01",1499.82336425781,153,2
"H15306-04-01",4012.73510742188,153,2
"H15308-04-01",1872.60986328125,153,2
"H15309-04-01",3513.90942382813,153,2
"H15309-04-02",1561.73754882813,153,2
"H15310-04-01",2329.86938476563,153,2
"H15502-04-01",1502.59033203125,155,2
"H15503-04-01",1878.23779296875,155,2
"H15504-04-01",1676.55004882813,155,2
"H15505-04-01",5588.50048828125,155,2
"H15505-04-02",0,155,2
"H15506-04-01",7512.951171875,155,2
"H15508-04-01",2782.162109375,155,2
"H15509-04-01",1310.70812988281,155,2
"H15510-04-01",1712.35656738281,155,2
"H15902-04-01",1867.35241699219,159,2
"H15903-04-01",2828.93334960938,159,2
"H15904-04-01",3468.88354492188,159,2
"H15905-04-01",3468.88354492188,159,2
"H15907-04-01",2454.76171875,159,2
"H15907-04-02",1472.85693359375,159,2
"H15908-04-01",5298.11181640625,159,2
"H15909-04-01",4218.25,159,2
"H15909-04-02",4295.1962890625,159,2
"H15909-04-03",5563.017578125,159,2
"H15910-04-01",4090.66333007813,159,2
"H16201-04-01",4050.97436523438,162,2
"H16201-04-02",810.194885253906,162,2
"H16202-04-01",8830.8798828125,162,2
"H16203-04-01",9334.1376953125,162,2
"H16204-04-01",2430.58471679688,162,2
"H16205-04-01",1648.14074707031,162,2
"H16206-04-01",1012.74359130859,162,2
"H16207-04-01",3565.34692382813,162,2
"H16208-04-01",5624.26953125,162,2
"H16209-04-01",3119.67846679688,162,2
"H16210-04-01",2733.61450195313,162,2
"H16302-04-01",0,163,2
"H16304-04-01",2941.63891601563,163,2
"H16305-04-01",4354.70263671875,163,2
"H16305-04-02",0,163,2
"H16305-04-03",0,163,2
"H16306-04-01",6869.46533203125,163,1
"H16307-04-01",4804.84130859375,163,2
"H16308-04-01",4633.23974609375,163,2
"H16308-04-02",0,163,2
"H16309-04-01",4354.70263671875,163,2
"H16310-04-01",2696.50219726563,163,2
"H16401-04-01",1085.76159667969,164,2
"H16402-04-01",3416.34619140625,164,1
"H16403-04-01",3673.52807617188,164,2
"H16404-04-01",3306.17529296875,164,2
"H16405-04-01",8419.033203125,164,2
"H16405-04-02",0,164,2
"H16406-04-01",7968.5234375,164,2
"H16407-04-01",922.146118164063,164,2
"H16407-04-02",1976.02734375,164,2
"H16407-04-03",0,164,2
"H16408-04-01",6950.9345703125,164,2
"H16409-04-01",14843.0634765625,164,2
"H16409-04-02",10102.83984375,164,2
"H16409-04-03",7377.1689453125,164,2
"H16409-04-04",8312.115234375,164,2
"H16410-04-01",7962.2509765625,164,2
"H16501-04-01",805.908813476563,165,2
"H16501-04-02",0,165,2
"H16502-04-01",2607.81323242188,165,2
"H16503-04-01",1891.54467773438,165,2
"H16505-04-01",14546.2021484375,165,2
"H16505-04-02",5201.12890625,165,2
"H16505-04-03",1889.1171875,165,2
"H16506-04-01",0,165,2
"H16507-04-01",4688.6279296875,165,2
"H16508-04-01",1373.51977539063,165,2
"H16509-04-01",3813.91943359375,165,2
"H16510-04-01",2979.62451171875,165,2
"H16604-04-01",1527.51867675781,166,1
"H16604-04-02",763.759338378906,166,1
"H16606-04-01",1732.34448242188,166,2
"H16607-04-01",1785.95056152344,166,1
"H16609-04-01",0,166,1
"H16611-04-01",0,166,1
"H16701-04-01",4254.89111328125,167,2
"H16702-04-01",5789.98779296875,167,2
"H16703-04-01",740.607666015625,167,2
"H16703-04-02",1481.21533203125,167,2
"H16704-04-01",1593.61865234375,167,2
"H16704-04-02",1593.61865234375,167,1
"H16705-04-01",0,167,2
"H16707-04-01",2666.18774414063,167,2
"H16708-04-01",6374.474609375,167,2
"H16709-04-01",2605.49462890625,167,2
"H16710-04-01",9077.1015625,167,2
"H16802-04-01",3877.47485351563,168,2
"H16803-04-01",4846.84326171875,168,2
"H16804-04-01",4417.146484375,168,2
"H16804-04-03",0,168,2
"H16806-04-01",4037.54077148438,168,2
"H16806-04-02",2691.69360351563,168,2
"H16807-04-01",2552.67529296875,168,2
"H16808-04-01",2402.65551757813,168,2
"H16809-04-01",20780.2890625,168,2
"H16809-04-02",5165.51611328125,168,1
"H16809-04-03",0,168,2
"H16810-04-01",10811.951171875,168,2
"H17002-04-01",3877.26147460938,170,2
"H17003-04-01",3722.447265625,170,2
"H17005-04-01",0,170,2
"H17006-04-01",4930.4482421875,170,2
"H17007-04-01",20780.2890625,170,2
"H17007-04-02",0,170,2
"H17008-04-01",5647.79736328125,170,2
"H17009-04-01",10422.8525390625,170,2
"H17009-04-02",0,170,2
"H17010-04-01",3412.45849609375,170,2
"H17010-04-02",11250.013671875,170,1
"H17101-04-01",20780.2890625,171,2
"H17102-04-01",1795.47534179688,171,2
"H17103-04-01",2324.24169921875,171,2
"H17105-04-01",3590.95068359375,171,2
"H17107-04-01",4438.935546875,171,2
"H17108-04-01",0,171,2
"H17109-04-01",8995.6162109375,171,2
"H17110-04-01",1099.46423339844,171,2
"H17201-04-01",0,172,2
"H17201-04-02",0,172,2
"H17201-04-03",0,172,2
"H17202-04-01",7729.9306640625,172,2
"H17203-04-01",1214.70349121094,172,2
"H17204-04-01",2627.4013671875,172,2
"H17205-04-01",3020.92309570313,172,2
"H17206-04-01",3503.2021484375,172,1
"H17207-04-01",3071.63427734375,172,2
"H17207-04-02",1535.81713867188,172,1
"H17208-04-01",8906.3916015625,172,2
"H17210-04-01",4504.11669921875,172,2
"H17301-04-01",1519.64294433594,173,2
"H17302-04-01",0,173,2
"H17308-04-01",1998.65209960938,173,2
"H17309-04-01",4558.9287109375,173,2
"H17310-04-01",6762.17041015625,173,2
"H17401-04-01",1122.81396484375,174,1
"H17401-04-02",842.110412597656,174,1
"H17403-04-01",3525.94604492188,174,1
"H17404-04-01",1113.7373046875,174,1
"H17405-04-01",4606.4248046875,174,2
"H17406-04-01",2021.06506347656,174,1
"H17406-04-03",3368.44165039063,174,2
"H17408-04-01",0,174,2
"H17409-04-01",1263.16564941406,174,1
"H17410-04-01",576.99267578125,174,1
"H17502-04-01",5864.2919921875,175,2
"H17503-04-01",6475.56884765625,175,2
"H17504-04-02",3697.41284179688,175,2
"H17506-04-01",1321.54467773438,175,2
"H17507-04-01",2108.45141601563,175,2
"H17508-04-01",12650.708984375,175,2
"H17509-04-01",2280.55786132813,175,2
"H17511-04-01",3873.34814453125,175,2
"H17511-04-02",1613.89501953125,175,2
"H17511-04-03",1210.42126464844,175,2
"H17601-04-01",3594.66625976563,176,2
"H17602-04-01",10605.8173828125,176,2
"H17604-04-01",0,176,2
"H17605-04-01",5302.90869140625,176,2
"H17606-04-01",20780.2890625,176,2
"H17608-04-01",10033.99609375,176,2
"H17608-04-02",3344.66552734375,176,2
"H17609-04-01",2700.7255859375,176,2
"H17610-04-01",6137.17041015625,176,2
"H17701-04-01",2466.35595703125,177,2
"H17703-04-01",2229.14819335938,177,2
"H17704-04-01",1989.779296875,177,2
"H17705-04-02",1419.6650390625,177,1
"H17707-04-02",4277.8642578125,177,2
"H17707-04-03",13564.9580078125,177,2
"H17707-04-04",0,177,2
"H17708-04-01",7466.81787109375,177,2
"H17708-04-02",4666.76171875,177,2
"H17709-04-01",5637.384765625,177,2
"H17710-04-01",0,177,2
"H18001-04-01",311.059234619141,180,2
"H18001-04-02",0,180,2
"H18005-04-01",1295.88781738281,180,1
"H18007-04-01",2221.25756835938,180,1
"H18010-04-01",303.843505859375,180,2
"H18011-04-01",1630.30920410156,180,1
"H18012-04-01",2399.79223632813,180,1
"H18013-04-01",1290.59826660156,180,1
"H18101-04-01",2518.4482421875,181,2
"H18102-04-01",5572.8818359375,181,2
"H18103-04-01",9366.126953125,181,2
"H18103-04-02",5699.3466796875,181,2
"H18103-04-03",3091.0185546875,181,2
"H18104-04-01",7805.10595703125,181,2
"H18104-04-02",7662.7119140625,181,2
"H18104-04-03",5108.47509765625,181,2
"H18104-04-04",0,181,2
"H18105-04-01",1686.01013183594,181,2
"H18106-04-01",2248.01342773438,181,2
"H18107-04-01",1977.15588378906,181,2
"H18108-04-01",2158.669921875,181,2
"H18109-04-01",5995.416015625,181,2
"H18110-04-01",2591.36328125,181,2
"H18201-04-01",1615.30883789063,182,2
"H18202-04-02",2790.2978515625,182,2
"H18202-04-03",2916.27758789063,182,2
"H18202-04-04",0,182,2
"H18202-04-05",NA,182,2
"H18202-04-06",0,182,2
"H18203-04-01",4189.05224609375,182,2
"H18204-04-01",2907.98681640625,182,2
"H18204-04-02",969.328979492188,182,2
"H18205-04-01",1346.09069824219,182,2
"H18205-04-02",0,182,2
"H18206-04-01",2298.16479492188,182,2
"H18206-04-02",1072.47692871094,182,2
"H18207-04-01",1794.78759765625,182,2
"H18207-04-02",897.393798828125,182,2
"H18208-04-01",2544.48852539063,182,2
"H18209-04-01",5585.4033203125,182,2
"H18209-04-02",1861.80102539063,182,2
"H18210-04-01",0,182,2
"H18210-04-02",7787.169921875,182,2
"H18210-04-03",0,182,2
"H18210-04-04",4449.81103515625,182,2
"H18210-04-05",2966.541015625,182,2
"H18301-04-01",5537.162109375,183,2
"H18301-04-02",0,183,2
"H18301-04-03",2010.02416992188,183,2
"H18301-04-04",0,183,2
"H18301-04-05",969.00341796875,183,2
"H18301-04-06",0,183,2
"H18301-04-07",0,183,2
"H18302-04-01",6942.205078125,183,2
"H18303-04-01",1390.04956054688,183,2
"H18305-04-01",0,183,2
"H18306-04-01",578.51708984375,183,2
"H18307-04-01",1148.44873046875,183,2
"H18308-04-01",3573.37646484375,183,2
"H18309-04-01",1390.04956054688,183,2
"H18311-04-01",4020.04858398438,183,2
"H18311-04-02",1805.56958007813,183,2
"H18601-04-01",1861.08215332031,186,2
"H18601-04-02",0,186,2
"H18601-04-03",0,186,2
"H18601-04-04",0,186,2
"H18602-04-01",1025.19677734375,186,2
"H18603-04-01",1577.74072265625,186,2
"H18604-04-01",1447.50842285156,186,2
"H18605-04-01",1654.29528808594,186,2
"H18606-04-01",2481.44287109375,186,2
"H18607-04-01",897.047180175781,186,2
"H18608-04-01",3075.59033203125,186,2
"H18609-04-01",2144.12573242188,186,2
"H18610-04-01",0,186,2
"H18708-04-01",0,187,2
"H18712-04-01",2285.8515625,187,2
"H18801-04-01",6735.25927734375,188,2
"H18801-04-02",2619.267578125,188,2
"H18802-04-01",8606.7373046875,188,2
"H18803-04-01",6192.8916015625,188,2
"H18804-04-01",6197.76904296875,188,2
"H18805-04-01",2938.83666992188,188,2
"H18806-04-01",4667.8310546875,188,2
"H18806-04-02",0,188,2
"H18806-04-03",0,188,2
"H18807-04-01",7347.09130859375,188,2
"H18807-04-02",3428.642578125,188,2
"H18808-04-01",2868.91235351563,188,2
"H18808-04-02",0,188,2
"H18808-04-03",2868.91235351563,188,2
"H18809-04-01",0,188,2
"H18810-04-01",2619.267578125,188,2
"H18901-04-01",8625.45703125,189,2
"H18902-04-01",693.034729003906,189,2
"H18904-04-01",7547.275390625,189,2
"H18905-04-01",4158.20849609375,189,2
"H18907-04-01",0,189,2
"H18908-04-01",5390.91064453125,189,2
"H18909-04-01",4312.728515625,189,2
"H18910-04-01",4158.20849609375,189,2
"H19001-04-01",10615.578125,190,2
"H19001-04-02",0,190,2
"H19002-04-01",4004.3427734375,190,2
"H19004-04-01",4962.53759765625,190,2
"H19005-04-01",3721.90307617188,190,2
"H19006-04-01",1488.76123046875,190,2
"H19007-04-01",3999.70874023438,190,2
"H19008-04-01",3915.89428710938,190,2
"H19008-04-02",2936.9208984375,190,2
"H19008-04-03",0,190,2
"H19008-04-04",4699.0732421875,190,2
"H19009-04-01",1930.10522460938,190,1
"H19010-04-01",6228.97802734375,190,2
"H19101-04-01",1733.52233886719,191,2
"H19102-04-01",5549.32666015625,191,2
"H19103-04-01",2600.28344726563,191,2
"H19104-04-01",6235.76904296875,191,2
"H19105-04-01",4994.39453125,191,2
"H19106-04-01",1580.42236328125,191,2
"H19107-04-01",5860.89404296875,191,2
"H19107-04-02",0,191,1
"H19107-04-03",0,191,2
"H19108-04-01",9629.25390625,191,2
"H19108-04-02",2600.28344726563,191,2
"H19108-04-03",0,191,2
"H19109-04-01",3835.97900390625,191,2
"H19110-04-01",884.2138671875,191,2
"H19201-04-01",0,192,2
"H19203-04-01",1169.68347167969,192,2
"H19204-04-01",698.945495605469,192,2
"H19205-04-01",1747.36364746094,192,2
"H19205-04-03",698.945495605469,192,2
"H19206-04-01",0,192,2
"H19207-04-01",789.653381347656,192,2
"H19208-04-01",3239.60961914063,192,2
"H19210-04-01",4678.73388671875,192,2
"H19211-04-01",7574.70654296875,192,2
"H19212-04-01",8458.310546875,192,2
"H19212-04-02",6605.6630859375,192,1
"H19212-04-03",0,192,2
"H19401-04-01",582.772277832031,194,1
"H19402-04-01",99.4085006713867,194,1
"H19404-04-01",2328.39208984375,194,1
"H19406-04-01",554.815734863281,194,1
"H19407-04-01",221.294464111328,194,1
"H19409-04-01",1699.12329101563,194,1
"H19501-04-01",719.867736816406,195,2
"H19502-04-01",1541.04382324219,195,2
"H19504-04-01",2519.53735351563,195,2
"H19504-04-02",2519.53735351563,195,1
"H19505-04-01",0,195,2
"H19506-04-01",1432.34887695313,195,2
"H19507-04-01",4068.91381835938,195,2
"H19508-04-01",2578.22778320313,195,2
"H19509-04-01",3390.76147460938,195,2
"H19510-04-01",1511.72229003906,195,2
"H19602-04-01",2155.23657226563,196,1
"H19602-04-02",3017.33129882813,196,2
"H19603-04-01",0,196,2
"H19604-04-01",0,196,2
"H19605-04-01",1074.15234375,196,1
"H19607-04-01",16549.2578125,196,2
"H19607-04-02",6952.447265625,196,2
"H19607-04-03",0,196,2
"H19608-04-01",2356.4169921875,196,1
"H19609-04-01",1047.29650878906,196,1
"H19610-04-01",1508.66564941406,196,1
"H19702-04-01",16549.2578125,197,2
"H19702-04-02",0,197,1
"H19702-04-03",4036.96240234375,197,1
"H19702-04-04",0,197,2
"H19703-04-01",5606.06103515625,197,2
"H19703-04-02",1868.68701171875,197,1
"H19704-04-01",6699.814453125,197,2
"H19705-04-01",4153.84228515625,197,2
"H19707-04-01",4053.90087890625,197,2
"H19708-04-01",1453.84484863281,197,2
"H19709-04-01",1815.20349121094,197,2
"H19710-04-01",1013.47521972656,197,2
"H19711-04-01",900.866882324219,197,2
"H20002-04-01",596.920532226563,200,1
"H20003-04-01",4815.76904296875,200,1
"H20004-04-01",832.454162597656,200,1
"H20005-04-01",601.971130371094,200,1
"H20005-04-02",0,200,2
"H20006-04-01",0,200,1
"H20007-04-01",1348.77575683594,200,2
"H20009-04-01",3995.77978515625,200,1
"H20010-04-01",NA,200,2
"H20010-04-02",1203.94226074219,200,2
"H20010-04-03",NA,200,1
"H20011-04-01",2407.88452148438,200,1
"H20201-04-01",1848.85925292969,202,2
"H20202-04-01",2108.62573242188,202,2
"H20203-04-01",3670.28002929688,202,2
"H20203-04-02",1835.14001464844,202,2
"H20205-04-01",521.3134765625,202,2
"H20206-04-01",1844.60400390625,202,2
"H20207-04-01",2606.5673828125,202,2
"H20207-04-02",0,202,2
"H20208-04-01",2606.5673828125,202,2
"H20209-04-01",2172.1396484375,202,2
"H20210-04-01",4405.513671875,202,2
"H20210-04-02",3083.859375,202,2
"H20210-04-03",0,202,2
"H20301-04-01",0,203,2
"H20302-04-01",0,203,2
"H20303-04-01",3753.8935546875,203,2
"H20304-04-01",1751.81689453125,203,2
"H20305-04-01",2764.6865234375,203,2
"H20306-04-01",3028.19165039063,203,2
"H20307-04-01",2627.72534179688,203,2
"H20309-04-01",4147.02978515625,203,2
"H20310-04-01",1766.95751953125,203,2
"H20310-04-02",5839.388671875,203,2
"H20401-04-01",6673.34619140625,204,2
"H20402-04-01",6041.1611328125,204,2
"H20403-04-01",2669.33862304688,204,2
"H20404-04-01",7048.021484375,204,2
"H20406-04-01",1389.76550292969,204,2
"H20407-04-01",4465.91015625,204,2
"H20408-04-01",7443.18408203125,204,2
"H20409-04-01",3432.00659179688,204,2
"H20411-04-01",4912.583984375,204,2
"H20503-04-01",1194.86840820313,205,1
"H20504-04-01",1048.4951171875,205,1
"H20505-04-01",2621.23779296875,205,1
"H20507-04-01",2320.13452148438,205,1
"H20507-04-02",NA,205,1
"H20508-04-01",1373.83117675781,205,2
"H20509-04-01",1965.92822265625,205,1
"H20510-04-01",392.876281738281,205,1
"H20601-04-01",0,206,1
"H20601-04-02",0,206,2
"H20602-04-01",388.011016845703,206,1
"H20603-04-01",1067.09765625,206,1
"H20603-04-02",0,206,1
"H20603-04-03",0,206,1
"H20604-04-01",1948.00610351563,206,1
"H20606-04-01",1101.27331542969,206,1
"H20606-04-02",0,206,2
"H20607-04-01",0,206,2
"H20608-04-01",776.022033691406,206,1
"H20609-04-02",336.790100097656,206,1
"H20610-04-02",1630.28796386719,206,1
"H20610-04-03",NA,206,2
"H20610-04-04",0,206,2
"H20611-04-02",234.776397705078,206,1
"H20801-04-01",169.828063964844,208,2
"H20802-04-01",1104.29016113281,208,2
"H20803-04-01",1894.7119140625,208,2
"H20804-04-01",634.717834472656,208,2
"H20805-04-01",981.591247558594,208,2
"H20805-04-02",736.193420410156,208,2
"H20807-04-01",761.661376953125,208,2
"H20809-04-01",1269.43566894531,208,2
"H20810-04-01",378.9423828125,208,2
"H20811-04-01",1542.44799804688,208,2
"H20811-04-02",NA,208,2
"H20811-04-03",NA,208,2
"H20811-04-04",0,208,1
"H20811-04-05",0,208,2
"H20901-04-01",9515.107421875,209,2
"H20902-04-01",6879.46533203125,209,2
"H20903-04-02",7338.09619140625,209,2
"H20903-04-03",0,209,2
"H20904-04-01",2970.03051757813,209,2
"H20905-04-01",1674.88879394531,209,2
"H20905-04-02",0,209,2
"H20906-04-01",1310.37426757813,209,2
"H20906-04-03",0,209,2
"H20907-04-01",3538.53564453125,209,2
"H20908-04-01",7580.5498046875,209,2
"H20908-04-02",0,209,1
"H20909-04-01",2293.15502929688,209,1
"H20910-04-01",990.7900390625,209,2
"H21101-04-01",2487.59057617188,211,2
"H21102-04-01",2072.9921875,211,1
"H21102-04-02",0,211,2
"H21103-04-01",1725.49438476563,211,2
"H21105-04-01",1194.13195800781,211,2
"H21106-04-01",0,211,2
"H21107-04-01",1393.66845703125,211,2
"H21108-04-01",805.061462402344,211,2
"H21109-04-01",1199.02612304688,211,1
"H21110-04-01",1552.94494628906,211,1
"H21401-04-01",0,214,2
"H21401-04-02",1010.28143310547,214,2
"H21402-04-01",0,214,2
"H21403-04-01",1414.77197265625,214,2
"H21404-04-01",1160.84069824219,214,2
"H21405-04-01",2087.09399414063,214,2
"H21406-04-01",1304.43371582031,214,2
"H21407-04-01",2415.43872070313,214,2
"H21408-04-01",2608.86743164063,214,2
"H21409-04-01",1565.32043457031,214,2
"H21410-04-01",543.473693847656,214,2
"H21501-04-01",1019.30755615234,215,2
"H21502-04-01",2378.38427734375,215,2
"H21503-04-01",1045.90905761719,215,2
"H21505-04-01",0,215,2
"H21506-04-01",3378.17163085938,215,2
"H21507-04-01",2878.72802734375,215,2
"H21509-04-01",6394.80419921875,215,2
"H21510-04-01",2558.86938476563,215,2
"H21601-04-01",1589.69653320313,216,2
"H21602-04-01",0,216,2
"H21603-04-01",1021.65142822266,216,1
"H21608-04-01",643.73583984375,216,2
"H21609-04-01",2360.45849609375,216,2
"H21610-04-01",1837.73510742188,216,2
"H21612-04-01",689.532653808594,216,2
"H21612-04-02",0,216,2
"H21701-04-01",12206.5634765625,217,2
"H21703-04-01",1396.29077148438,217,2
"H21704-04-01",5308.23583984375,217,2
"H21705-04-01",1552.65612792969,217,2
"H21706-04-01",5032.47021484375,217,2
"H21708-04-01",2609.42895507813,217,2
"H21709-04-01",5315.017578125,217,2
"H21710-04-01",952.766235351563,217,2
"H21711-04-01",2096.86254882813,217,2
"H22001-04-01",1546.6796875,220,1
"H22002-04-01",627.1240234375,220,1
"H22003-04-01",1097.46704101563,220,1
"H22004-04-01",1547.28869628906,220,2
"H22004-04-03",0,220,1
"H22004-04-04",0,220,2
"H22004-04-05",0,220,1
"H22006-04-01",0,220,2
"H22014-04-01",1247.81286621094,220,1
"H22101-04-01",0,221,2
"H22101-04-02",0,221,2
"H22101-04-03",0,221,1
"H22102-04-02",0,221,2
"H22103-04-01",1393.25537109375,221,2
"H22105-04-01",6906.583984375,221,2
"H22106-04-01",0,221,2
"H22109-04-01",3223.45556640625,221,2
"H22110-04-01",1010.71319580078,221,2
"H22110-04-02",3942.98950195313,221,2
"H22110-04-03",8257.0791015625,221,2
"H22110-04-04",5558.9228515625,221,2
"H22110-04-05",0,221,2
"H22110-04-06",0,221,2
"H22111-04-01",6906.583984375,221,2
"H22301-04-01",0,223,1
"H22302-04-01",1420.87805175781,223,2
"H22303-04-01",2802.25732421875,223,2
"H22303-04-02",5604.5146484375,223,2
"H22303-04-03",2101.69311523438,223,2
"H22303-04-04",0,223,2
"H22305-04-01",739.842895507813,223,2
"H22306-04-01",5693.27734375,223,1
"H22307-04-01",1681.35437011719,223,2
"H22308-04-01",1751.41076660156,223,2
"H22309-04-01",4604.01513671875,223,2
"H22309-04-02",1534.67175292969,223,2
"H22310-04-01",2790.31225585938,223,2
"H22401-04-01",8637.41015625,224,2
"H22401-04-02",2639.20849609375,224,2
"H22404-04-01",8723.5498046875,224,2
"H22406-04-01",2365.3623046875,224,2
"H22407-04-01",11357.9462890625,224,2
"H22407-04-02",0,224,2
"H22407-04-03",0,224,1
"H22408-04-01",4421.365234375,224,2
"H22409-04-01",7037.8896484375,224,2
"H22410-04-01",7090.5029296875,224,2
"H22501-04-01",7084.2744140625,225,2
"H22502-04-01",2672.15014648438,225,2
"H22502-04-02",1247.00341796875,225,2
"H22503-04-01",2338.13134765625,225,2
"H22503-04-02",0,225,2
"H22504-04-01",3309.27661132813,225,2
"H22505-04-01",1975.37927246094,225,1
"H22506-04-01",5455.64013671875,225,2
"H22507-04-01",4703.28369140625,225,2
"H22509-04-01",2656.60278320313,225,2
"H22510-04-01",2363.982421875,225,2
"H22802-04-01",2866.5615234375,228,2
"H22803-04-01",0,228,2
"H22805-04-01",915.768249511719,228,2
"H22806-04-01",1831.53649902344,228,2
"H22807-04-01",4377.74609375,228,2
"H23101-04-01",5598.29931640625,231,2
"H23102-04-01",3941.4541015625,231,2
"H23103-04-01",3732.19970703125,231,2
"H23103-04-02",1866.09985351563,231,2
"H23104-04-01",4240.5537109375,231,2
"H23104-04-02",0,231,2
"H23105-04-01",2365.50415039063,231,2
"H23106-04-01",2799.14965820313,231,2
"H23107-04-01",2299.45483398438,231,2
"H23108-04-01",2399.27099609375,231,2
"H23109-04-01",13761.798828125,231,2
"H23109-04-02",16514.158203125,231,2
"H23109-04-03",3421.18286132813,231,2
"H23110-04-01",1478.04528808594,231,2
"H23301-04-01",377.525268554688,233,2
"H23302-04-01",2378.4091796875,233,2
"H23303-04-01",872.203125,233,2
"H23304-04-01",540.082275390625,233,2
"H23306-04-01",406.865325927734,233,2
"H23307-04-01",0,233,2
"H23308-04-01",1739.76574707031,233,2
"H23310-04-01",1887.62634277344,233,2
"H23312-04-01",0,233,2
"H23401-04-01",1390.1357421875,234,2
"H23402-04-01",1747.15100097656,234,2
"H23404-04-01",0,234,1
"H23404-04-02",0,234,1
"H23405-04-01",1281.24401855469,234,2
"H23406-04-01",3474.05224609375,234,2
"H23407-04-01",5050.68701171875,234,2
"H23407-04-02",0,234,2
"H23408-04-01",3063.08374023438,234,2
"H23410-04-01",2375.4248046875,234,2
"H23411-04-01",2402.33276367188,234,2
"H23412-04-01",2584.16967773438,234,2
"H23502-04-01",5294.18994140625,235,2
"H23503-04-01",1385.43493652344,235,2
"H23503-04-02",0,235,2
"H23503-04-03",0,235,2
"H23503-04-04",0,235,2
"H23504-04-01",2380.51025390625,235,1
"H23505-04-01",1225.3251953125,235,2
"H23506-04-01",977.750915527344,235,2
"H23506-04-02",847.384094238281,235,2
"H23507-04-01",3176.51391601563,235,1
"H23508-04-01",2774.76635742188,235,2
"H23509-04-01",6535.0673828125,235,1
"H23509-04-02",5073.521484375,235,1
"H23509-04-03",0,235,2
"H23510-04-01",9513.484375,235,1
"H23510-04-02",1849.84411621094,235,1
"H23513-04-01",1809.98278808594,235,1
"H23601-04-01",1610.66967773438,236,2
"H23601-04-02",1006.66851806641,236,2
"H23601-04-03",1006.66851806641,236,2
"H23603-04-01",615.716430664063,236,2
"H23604-04-01",2013.33703613281,236,2
"H23605-04-01",3694.29858398438,236,2
"H23606-04-01",2432.08422851563,236,2
"H23607-04-01",1693.22021484375,236,2
"H23607-04-02",4837.77197265625,236,2
"H23607-04-03",0,236,2
"H23607-04-04",2176.36596679688,236,2
"H23607-04-05",2257.626953125,236,2
"H23608-04-01",1342.22473144531,236,2
"H23610-04-01",2306.26489257813,236,2
"H23701-04-01",NA,237,2
"H23701-04-02",NA,237,2
"H23702-04-01",1561.49731445313,237,1
"H23703-04-01",1342.57055664063,237,1
"H23705-04-01",1031.552734375,237,2
"H23707-04-01",1873.79675292969,237,1
"H23708-04-01",2433.4091796875,237,2
"H23708-04-02",1609.15893554688,237,1
"H23708-04-03",3593.60546875,237,1
"H23709-04-01",2148.90869140625,237,1
"H23710-04-01",0,237,2
"H23710-04-02",945.649597167969,237,1
"H23801-04-01",596.450988769531,238,1
"H23802-04-01",1670.63195800781,238,1
"H23804-04-01",467.037811279297,238,2
"H23806-04-01",640.852355957031,238,1
"H23806-04-02",183.100662231445,238,1
"H23808-04-01",0,238,1
"H23809-04-01",447.338256835938,238,1
"H23810-04-01",382.202239990234,238,1
"H23811-04-01",NA,238,1
"H23812-04-01",0,238,1
"H23813-04-01",0,238,1
"H23901-04-01",2510.00024414063,239,2
"H23902-04-01",2184.45703125,239,2
"H23903-04-01",4061.4921875,239,2
"H23904-04-01",3276.68530273438,239,2
"H23905-04-01",0,239,2
"H23905-04-02",0,239,2
"H23906-04-01",627.500061035156,239,2
"H23907-04-01",3102.724609375,239,2
"H23908-04-01",0,239,2
"H23909-04-01",5506.302734375,239,2
"H24201-04-01",1773.29431152344,242,1
"H24202-04-01",7357.10595703125,242,1
"H24203-04-01",2058.84814453125,242,1
"H24203-04-02",1098.05224609375,242,1
"H24204-04-01",2350.6357421875,242,1
"H24205-04-01",0,242,2
"H24205-04-02",971.154479980469,242,2
"H24206-04-01",4559.89990234375,242,2
"H24207-04-01",943.359008789063,242,2
"H24208-04-01",4317.494140625,242,2
"H24209-04-01",1882.37536621094,242,2
"H24209-04-02",1647.07849121094,242,2
"H24210-04-01",1813.34753417969,242,1
"H24210-04-02",0,242,1
"H24401-04-01",5516.41943359375,244,2
"H24401-04-02",4498.57958984375,244,2
"H24401-04-03",16549.2578125,244,2
"H24403-04-01",6719.67333984375,244,2
"H24403-04-02",2239.89111328125,244,2
"H24407-04-01",2517.89428710938,244,2
"H24408-04-01",0,244,2
"H24409-04-01",1831.19592285156,244,2
"H24411-04-01",3554.85571289063,244,2
"H24502-04-01",1130.45483398438,245,2
"H24505-04-01",691.428771972656,245,2
"H24506-04-01",518.571594238281,245,2
"H24506-04-02",2074.28637695313,245,2
"H24507-04-01",2071.88598632813,245,2
"H24509-04-01",1614.93542480469,245,1
"H24510-04-01",1521.14343261719,245,2
"H24511-04-01",298.719360351563,245,2
"H24512-04-01",1185.30651855469,245,1
"H24601-04-01",2713.24780273438,246,2
"H24603-04-01",9920.294921875,246,2
"H24604-04-01",4083.00512695313,246,2
"H24605-04-01",9086.1376953125,246,2
"H24606-04-01",8496.416015625,246,2
"H24608-04-01",2834.36987304688,246,2
"H24610-04-01",8921.2373046875,246,2
"H24801-04-01",0,248,2
"H24802-04-01",11997.830078125,248,2
"H24802-04-02",1774.34594726563,248,2
"H24803-04-01",11346.8779296875,248,2
"H24804-04-01",9463.177734375,248,2
"H24805-04-01",1142.65051269531,248,2
"H24806-04-01",3785.27124023438,248,2
"H24808-04-01",3408.0068359375,248,2
"H24809-04-01",799.855346679688,248,2
"H24811-04-01",2908.38110351563,248,2
"H25001-04-01",1789.84448242188,250,2
"H25002-04-01",2982.6318359375,250,2
"H25003-04-01",0,250,2
"H25004-04-01",1361.54553222656,250,2
"H25005-04-01",2851.63916015625,250,2
"H25006-04-01",13508.423828125,250,2
"H25008-04-01",1864.14489746094,250,2
"H25009-04-01",2042.318359375,250,2
"H25011-04-01",907.697082519531,250,2
"H25201-04-01",7360.888671875,252,2
"H25201-04-02",3271.50610351563,252,2
"H25202-04-01",8579.9853515625,252,2
"H25203-04-01",0,252,2
"H25204-04-01",0,252,2
"H25204-04-02",0,252,2
"H25207-04-01",0,252,1
"H25208-04-01",0,252,2
"H25209-04-01",0,252,2
"H25210-04-01",3680.4443359375,252,2
"H25401-04-01",872.087646484375,254,2
"H25402-04-01",5574.06884765625,254,2
"H25402-04-02",0,254,2
"H25403-04-01",1055.55004882813,254,2
"H25403-04-02",2111.10009765625,254,2
"H25404-04-01",1318.94873046875,254,2
"H25406-04-01",1486.41821289063,254,2
"H25407-04-01",4222.2001953125,254,2
"H25408-04-01",234.566665649414,254,2
"H25408-04-02",NA,254,1
"H25409-04-01",3270.32861328125,254,2
"H25409-04-02",1308.13146972656,254,2
"H25409-04-03",1308.13146972656,254,2
"H25410-04-01",4396.49609375,254,2
"H25410-04-02",0,254,1
"H25601-04-01",7160.7900390625,256,2
"H25602-04-01",8054.931640625,256,2
"H25603-04-01",5369.9541015625,256,2
"H25605-04-01",7428.15869140625,256,2
"H25606-04-01",1180.73522949219,256,2
"H25607-04-01",2929.06591796875,256,2
"H25608-04-01",4729.58203125,256,2
"H25609-04-01",7249.43701171875,256,2
"H25609-04-02",0,256,2
"H25609-04-04",0,256,1
"H25609-04-05",NA,256,2
"H25609-04-06",NA,256,1
"H25609-04-07",NA,256,2
"H25610-04-01",5569.50341796875,256,2
"H25610-04-02",0,256,2
"H25610-04-03",0,256,2
"H25701-04-01",5585.50732421875,257,1
"H25702-04-01",4076.8515625,257,2
"H25702-04-02",4756.3271484375,257,1
"H25703-04-02",1644.35803222656,257,2
"H25703-04-03",0,257,2
"H25704-04-01",8518.904296875,257,2
"H25705-04-01",4262.8076171875,257,1
"H25705-04-02",1776.169921875,257,1
"H25706-04-01",3170.88452148438,257,1
"H25706-04-02",0,257,2
"H25706-04-03",0,257,2
"H25706-04-04",0,257,1
"H25707-04-01",7612.15673828125,257,1
"H25708-04-01",4780.85498046875,257,1
"H25709-04-01",2947.76293945313,257,2
"H25901-04-01",0,259,2
"H25902-04-01",NA,259,2
"H25903-04-01",NA,259,2
"H25903-04-02",0,259,2
"H25903-04-03",NA,259,2
"H25903-04-04",NA,259,2
"H25903-04-05",NA,259,1
"H25904-04-01",NA,259,2
"H25905-04-01",NA,259,2
"H25906-04-01",NA,259,2
"H25906-04-02",NA,259,2
"H25907-04-01",NA,259,2
"H25908-04-01",NA,259,2
"H25909-04-01",NA,259,2
"H25910-04-01",NA,259,2
"H25910-04-02",1977.47290039063,259,1
"H25910-04-03",NA,259,1
"H26008-04-01",3254.62255859375,260,1
"H26009-04-01",27408.697265625,260,1
"H26009-04-02",0,260,1
"H26009-04-03",0,260,1
"H26009-04-04",0,260,2
"H26009-04-05",0,260,2
"H26009-04-06",0,260,1
"H26010-04-01",3804.90356445313,260,1
"H26012-04-01",0,260,1
"H26102-04-02",4786.373046875,261,2
"H26106-04-01",19145.4921875,261,2
"H26106-04-02",6381.83056640625,261,2
"H26107-04-01",5888.74560546875,261,2
"H26108-04-01",7126.28466796875,261,2
"H26109-04-01",0,261,2
"H26110-04-01",3373.97338867188,261,2
"H26111-04-01",6694.89990234375,261,2
"H26201-04-01",0,262,2
"H26201-04-03",0,262,2
"H26202-04-01",0,262,2
"H26203-04-01",4890.72802734375,262,2
"H26203-04-02",0,262,2
"H26204-04-01",7867.9453125,262,2
"H26205-04-01",0,262,2
"H26206-04-01",0,262,2
"H26206-04-02",0,262,1
"H26207-04-01",16471.6796875,262,2
"H26208-04-01",4717.05224609375,262,2
"H26209-04-01",13057.7802734375,262,2
"H26209-04-02",0,262,2
"H26209-04-03",5803.45751953125,262,2
"H26209-04-04",0,262,2
"H26209-04-05",0,262,1
"H26210-04-01",4941.50390625,262,2
"H26302-04-01",21388.7265625,263,2
"H26304-04-01",4459.494140625,263,2
"H26305-04-01",5482.263671875,263,2
"H26306-04-01",0,263,2
"H26307-04-01",3980.62817382813,263,2
"H26308-04-01",4277.7451171875,263,2
"H26309-04-01",1037.3369140625,263,2
"H26311-04-01",7644.84716796875,263,2
"H26403-04-01",6741.2060546875,264,2
"H26405-04-01",3020.86743164063,264,2
"H26406-04-01",9670.35546875,264,2
"H26407-04-01",9062.6015625,264,1
"H26410-04-01",16098.611328125,264,2
"H26411-04-01",10363.45703125,264,2
"H26411-04-03",6129.90087890625,264,2
"H26411-04-04",0,264,2
"H26416-04-01",9055.4677734375,264,2
"H26501-04-01",6524.79638671875,265,1
"H26502-04-01",1244.916015625,265,1
"H26502-04-02",0,265,2
"H26502-04-03",778.072509765625,265,2
"H26503-04-01",835.780395507813,265,1
"H26504-04-01",6524.79638671875,265,1
"H26505-04-01",1666.85290527344,265,1
"H26506-04-01",0,265,1
"H26507-04-01",1064.03295898438,265,1
"H26509-04-01",742.915893554688,265,1
"H26511-04-01",2315.07348632813,265,1
"H26511-04-02",1389.04406738281,265,1
"H26602-04-01",4530.7373046875,266,2
"H26602-04-02",0,266,1
"H26603-04-01",10798.712890625,266,2
"H26603-04-02",5399.3564453125,266,2
"H26603-04-03",0,266,2
"H26604-04-01",6086.1435546875,266,1
"H26605-04-01",1174.77526855469,266,1
"H26607-04-01",3775.61450195313,266,1
"H26608-04-01",9061.474609375,266,1
"H26609-04-01",11231.8095703125,266,1
"H26610-04-01",0,266,1
"H27004-04-01",1960.84899902344,270,1
"H27005-04-01",2566.76782226563,270,1
"H27006-04-01",2719.30517578125,270,1
"H27006-04-02",1235.60278320313,270,1
"H27007-04-01",4455.86328125,270,1
"H27008-04-01",2643.76904296875,270,2
"H27010-04-01",2651.3173828125,270,1
"H27010-04-02",0,270,1
"H27010-04-03",4517.6640625,270,1
"H27102-04-01",2589.20385742188,271,1
"H27103-04-01",1516.98645019531,271,1
"H27104-04-01",2259.1982421875,271,1
"H27106-04-01",3414.23168945313,271,1
"H27106-04-02",NA,271,1
"H27106-04-03",0,271,1
"H27107-04-01",647.300964355469,271,1
"H27108-04-01",0,271,1
"H27110-04-01",2265.55346679688,271,1
"H27401-04-01",0,274,1
"H27402-04-01",3817.25708007813,274,2
"H27402-04-02",1272.41906738281,274,2
"H27403-04-01",2819.3212890625,274,2
"H27404-04-01",9124.0224609375,274,2
"H27404-04-02",0,274,2
"H27406-04-01",11777.5654296875,274,2
"H27407-04-01",6970.18017578125,274,2
"H27408-04-01",11041.4677734375,274,2
"H27409-04-01",12268.2978515625,274,2
"H27410-04-01",17288.46875,274,2
"H27801-04-01",2856.11767578125,278,2
"H27802-04-01",6234.919921875,278,2
"H27803-04-01",0,278,2
"H27804-04-01",0,278,2
"H27805-04-01",14641.3583984375,278,2
"H27805-04-02",0,278,2
"H27806-04-01",0,278,2
"H27806-04-02",0,278,2
"H27807-04-01",8774.6435546875,278,2
"H27808-04-01",7435.05078125,278,2
"H27808-04-02",0,278,2
"H27810-04-01",3427.34130859375,278,2
"H27901-04-01",0,279,2
"H27902-04-01",0,279,2
"H27903-04-01",0,279,2
"H27904-04-01",0,279,2
"H27905-04-01",18496.69921875,279,2
"H27906-04-01",19032.224609375,279,2
"H27907-04-01",20723.978515625,279,2
"H27907-04-02",6661.27880859375,279,2
"H27908-04-01",0,279,2
"H27908-04-02",0,279,2
"H27909-04-01",13322.5576171875,279,2
"H27910-04-01",4385.34912109375,279,2
"H28003-04-01",0,280,1
"H28006-04-01",2052.55249023438,280,1
"H28007-04-01",3146.6337890625,280,1
"H28102-04-01",11577.73828125,281,2
"H28104-04-01",17805.330078125,281,2
"H28105-04-01",12874.287109375,281,2
"H28106-04-01",6738.1376953125,281,2
"H28107-04-01",12982.0908203125,281,2
"H28108-04-01",9004.908203125,281,2
"H28108-04-02",0,281,1
"H28109-04-01",NA,281,2
"H28109-04-02",9270.2314453125,281,2
"H28110-04-01",0,281,2
"H28202-04-01",14237.875,282,2
"H28205-04-01",8980.1533203125,282,2
"H28205-04-02",5388.09228515625,282,2
"H28206-04-01",6172.025390625,282,2
"H28206-04-02",0,282,2
"H28207-04-01",0,282,2
"H28207-04-02",0,282,2
"H28209-04-01",6172.025390625,282,2
"H28210-04-01",5610.9326171875,282,2
"H28211-04-01",0,282,2
"H28307-04-01",0,283,2
"H28309-04-01",0,283,2
"H28310-04-01",2436.41650390625,283,2
"H28501-04-01",NA,285,2
"H28502-04-01",NA,285,2
"H28503-04-01",NA,285,2
"H28504-04-01",NA,285,2
"H28505-04-01",NA,285,2
"H28505-04-02",0,285,2
"H28505-04-03",NA,285,2
"H28506-04-01",NA,285,2
"H28508-04-01",NA,285,2
"H28509-04-01",NA,285,2
"H28510-04-01",NA,285,2
"H28511-04-01",NA,285,2
"H28511-04-02",NA,285,1
"H28702-04-01",21830.220703125,287,1
"H28703-04-01",6367.1474609375,287,1
"H28705-04-01",0,287,1
"H28706-04-01",25468.58984375,287,1
"H28709-04-01",3374.54711914063,287,1
"H28710-04-01",6645.27490234375,287,1
"H28803-04-01",0,288,2
"H28805-04-01",17514.00390625,288,1
"H28807-04-01",4349.4248046875,288,2
"H28810-04-01",21278.5078125,288,2
"H29002-04-01",25299.763671875,290,2
"H29003-04-01",28854.41015625,290,2
"H29004-04-01",14074.7099609375,290,2
"H29005-04-01",21083.13671875,290,2
"H29006-04-01",0,290,2
"H29101-04-01",10405.6689453125,291,2
"H29202-04-01",1989.97412109375,292,1
"H29203-04-01",0,292,1
"H29205-04-01",0,292,1
"H29208-04-01",2166.47924804688,292,1
"H29209-04-01",580.4091796875,292,1
"H29210-04-01",257.959625244141,292,1
"H29210-04-02",0,292,1
"H29401-04-01",278.593475341797,294,1
"H29402-04-01",1949.44482421875,294,1
"H29403-04-01",2469.17626953125,294,1
"H29404-04-01",1337.24853515625,294,1
"H29405-04-01",456.125915527344,294,1
"H29406-04-01",0,294,1
"H29407-04-01",2075.05688476563,294,1
"H29408-04-01",513.141662597656,294,1
"H29409-04-01",1114.37390136719,294,1
"H29410-04-01",835.780395507813,294,1
"H29410-04-02",0,294,1
"H29501-04-01",2580.59619140625,295,2
"H29502-04-01",6513.34912109375,295,2
"H29503-04-01",7816.0185546875,295,2
"H29504-04-01",7235.9814453125,295,2
"H29505-04-01",2261.244140625,295,2
"H29507-04-01",6881.58984375,295,2
"H29508-04-01",0,295,2
"H29509-04-01",2906.96801757813,295,2
"H29511-04-01",5120.61962890625,295,2
"H29602-04-01",2898.11962890625,296,2
"H29602-04-02",0,296,2
"H29602-04-03",0,296,2
"H29603-04-01",2650.69116210938,296,2
"H29603-04-02",1325.34558105469,296,1
"H29604-04-01",2264.712890625,296,2
"H29604-04-02",0,296,2
"H29604-04-03",0,296,2
"H29605-04-01",9161.4677734375,296,2
"H29606-04-01",3976.03662109375,296,1
"H29607-04-01",6998.78515625,296,2
"H29608-04-01",7634.556640625,296,2
"H29608-04-02",0,296,2
"H29609-04-01",2309.74609375,296,2
"H29609-04-02",0,296,2
"H29610-04-01",2300.09497070313,296,1
"H29611-04-01",0,296,2
"H29701-04-01",9979.3876953125,297,2
"H29702-04-01",5256.08447265625,297,2
"H29702-04-02",0,297,2
"H29703-04-01",7569.322265625,297,2
"H29704-04-01",1628.45190429688,297,2
"H29705-04-01",3604.43896484375,297,2
"H29706-04-01",2864.4873046875,297,2
"H29706-04-02",0,297,2
"H29706-04-03",0,297,2
"H29707-04-01",4071.12963867188,297,2
"H29707-04-02",0,297,2
"H29707-04-03",0,297,1
"H29707-04-04",0,297,2
"H29708-04-01",3645.83471679688,297,2
"H29709-04-01",9773.3212890625,297,2
"H29709-04-02",3854.9912109375,297,2
"H29710-04-01",1682.07165527344,297,2
"H29710-04-02",0,297,1
"H29710-04-03",2456.6875,297,1
"H29801-04-01",4523.12109375,298,1
"H29802-04-01",7476.10693359375,298,1
"H29803-04-01",4021.71875,298,1
"H29803-04-02",0,298,1
"H29805-04-01",0,298,1
"H29806-04-01",2194.85815429688,298,1
"H29807-04-01",5538.51611328125,298,2
"H29807-04-02",3876.96118164063,298,1
"H29809-04-01",2435.30688476563,298,1
"H29810-04-01",3765.9990234375,298,2
"H29810-04-02",0,298,1
"H29901-04-01",3238.14013671875,299,2
"H29902-04-01",0,299,2
"H29902-04-02",10793.7998046875,299,2
"H29902-04-05",0,299,2
"H29902-04-06",0,299,2
"H29902-04-07",0,299,1
"H29903-04-01",7994.763671875,299,2
"H29903-04-02",4663.6123046875,299,2
"H29904-04-01",4934.30908203125,299,2
"H29905-04-01",6718.09130859375,299,2
"H29906-04-01",0,299,2
"H29906-04-02",0,299,2
"H29907-04-01",6660.5244140625,299,2
"H29908-04-01",16198.068359375,299,2
"H29908-04-02",0,299,2
"H29909-04-01",3439.91796875,299,2
"H29909-04-02",0,299,2
"H29910-04-01",3228.65454101563,299,2
"H30002-04-01",4958.6220703125,300,1
"H30002-04-02",0,300,2
"H30006-04-01",2365.23388671875,300,2
"H30008-04-01",2475.82983398438,300,1
"H30008-04-02",176.844970703125,300,1
"H30009-04-01",3406.21020507813,300,2
"H30010-04-01",2150.21264648438,300,1
"H30012-04-01",2166.35083007813,300,1
"H30302-04-01",2126.2490234375,303,2
"H30303-04-01",1794.73046875,303,2
"H30304-04-01",3606.24340820313,303,2
"H30306-04-01",2596.49536132813,303,2
"H30307-04-01",1597.25329589844,303,2
"H30308-04-01",1511.13635253906,303,2
"H30309-04-01",1982.48327636719,303,2
"H30309-04-02",0,303,2
"H30309-04-03",0,303,1
"H30310-04-01",0,303,2
"H30402-04-01",612.169494628906,304,2
"H30403-04-01",3042.90063476563,304,2
"H30404-04-01",0,304,2
"H30405-04-01",2380.6591796875,304,2
"H30406-04-01",904.262878417969,304,2
"H30407-04-01",1666.94458007813,304,2
"H30408-04-01",16198.068359375,304,2
"H30408-04-02",NA,304,2
"H30409-04-01",7400.0703125,304,2
"H30411-04-01",3912.30078125,304,2
"H30412-04-01",9257.3740234375,304,2
"H30502-04-01",781.930114746094,305,1
"H30502-04-02",0,305,1
"H30502-04-03",0,305,1
"H30503-04-01",0,305,2
"H30504-04-01",2004.06213378906,305,1
"H30505-04-01",1002.03106689453,305,1
"H30507-04-01",1671.56079101563,305,1
"H30509-04-01",1410.197265625,305,1
"H30510-04-01",781.930114746094,305,1
"H30511-04-01",1064.29370117188,305,1
"H30511-04-02",444.118591308594,305,1
"H30511-04-03",NA,305,2
"H30602-04-01",6007.337890625,306,2
"H30603-04-01",2643.59130859375,306,2
"H30604-04-01",3304.48901367188,306,2
"H30605-04-01",8686.6640625,306,2
"H30605-04-02",0,306,1
"H30605-04-03",0,306,2
"H30607-04-01",2832.41918945313,306,2
"H30608-04-01",1699.45153808594,306,2
"H30610-04-01",3084.18994140625,306,2
"H30701-04-01",16198.068359375,307,2
"H30701-04-03",8099.0341796875,307,2
"H30701-04-04",NA,307,1
"H30702-04-01",5925.62646484375,307,2
"H30702-04-02",2765.29223632813,307,2
"H30702-04-03",2765.29223632813,307,2
"H30703-04-01",2799.52587890625,307,2
"H30703-04-02",1333.10754394531,307,2
"H30704-04-01",1382.64611816406,307,2
"H30706-04-01",0,307,1
"H30706-04-03",0,307,1
"H30706-04-04",0,307,2
"H30707-04-01",6059.1943359375,307,2
"H30708-04-01",2262.51196289063,307,2
"H30709-04-01",6885.4482421875,307,2
"H30710-04-01",2581.6884765625,307,2
"H30802-04-01",2103.28881835938,308,1
"H30803-04-01",7107.88427734375,308,2
"H30805-04-01",4976.84912109375,308,2
"H30805-04-02",995.369812011719,308,2
"H30806-04-01",13498.3896484375,308,2
"H30806-04-02",5736.2421875,308,2
"H30807-04-01",6372.72802734375,308,2
"H30809-04-01",3365.26196289063,308,2
"H30810-04-01",9559.091796875,308,2
"H30811-04-01",2103.28881835938,308,2
"H30901-04-01",2308.47509765625,309,2
"H30901-04-02",0,309,1
"H30903-04-01",1773.52490234375,309,1
"H30904-04-01",16198.068359375,309,1
"H30905-04-01",5100.47265625,309,2
"H30905-04-02",3643.19458007813,309,2
"H30906-04-01",1154.23754882813,309,2
"H30906-04-02",0,309,2
"H30907-04-01",2069.71264648438,309,2
"H30908-04-01",6071.99072265625,309,2
"H30909-04-01",3339.59521484375,309,2
"H30910-04-01",1520.16430664063,309,2
"H30910-04-02",0,309,1
"H30911-04-01",2185.91674804688,309,2
"H31001-04-01",3074.77392578125,310,2
"H31003-04-01",3929.13940429688,310,2
"H31004-04-01",3030.69018554688,310,2
"H31004-04-02",0,310,2
"H31005-04-02",0,310,1
"H31006-04-01",6111.99462890625,310,2
"H31007-04-01",7174.47265625,310,2
"H31008-04-01",2273.017578125,310,2
"H31010-04-01",2525.5751953125,310,2
"H31101-04-01",0,311,1
"H31101-04-02",0,311,1
"H31101-04-03",0,311,1
"H31102-04-01",754.795776367188,311,2
"H31103-04-01",5568.5078125,311,2
"H31105-04-01",4227.98583984375,311,2
"H31107-04-01",2450.47973632813,311,2
"H31108-04-01",6262.75390625,311,2
"H31109-04-01",4592.68701171875,311,2
"H31109-04-02",4920.73583984375,311,2
"H31109-04-03",2995.03100585938,311,2
"H31110-04-01",1948.9775390625,311,2
"H31701-04-01",5576.11279296875,317,2
"H31702-04-01",4779.52490234375,317,2
"H31703-04-01",2409.05908203125,317,2
"H31703-04-02",2409.05908203125,317,2
"H31703-04-03",0,317,1
"H31704-04-01",5221.556640625,317,2
"H31706-04-01",11042.2177734375,317,2
"H31706-04-02",NA,317,2
"H31707-04-01",0,317,2
"H31708-04-01",0,317,2
"H31709-04-01",0,317,2
"H31710-04-01",3110.51684570313,317,2
"H31901-04-01",0,319,2
"H31902-04-01",3397.94165039063,319,2
"H31903-04-01",5656.68359375,319,2
"H31904-04-01",0,319,2
"H31907-04-01",0,319,2
"H31908-04-01",5185.1162109375,319,2
"H31909-04-01",0,319,2
"H31910-04-01",0,319,2
"H32101-04-01",24519.603515625,321,2
"H32102-04-01",10216.501953125,321,2
"H32103-04-01",4107.330078125,321,2
"H32104-04-01",3276.04223632813,321,2
"H32104-04-02",6552.08447265625,321,2
"H32105-04-01",6155.4580078125,321,2
"H32106-04-01",8757.001953125,321,2
"H32106-04-02",0,321,1
"H32106-04-03",0,321,1
"H32106-04-04",0,321,1
"H32106-04-05",0,321,1
"H32108-04-01",7544.07568359375,321,2
"H32109-04-01",7528.5234375,321,2
"H32201-04-01",10349.490234375,322,2
"H32202-04-01",1000.91644287109,322,2
"H32203-04-01",5281.283203125,322,2
"H32204-04-01",4503.58935546875,322,2
"H32205-04-01",0,322,2
"H32205-04-02",0,322,2
"H32206-04-01",4321.0498046875,322,2
"H32207-04-01",7006.4150390625,322,1
"H32209-04-01",14083.421875,322,2
"H32209-04-02",0,322,2
"H32401-04-01",NA,324,1
"H32402-04-01",NA,324,1
"H32403-04-01",NA,324,1
"H32404-04-01",NA,324,1
"H32405-04-01",NA,324,1
"H32406-04-01",NA,324,1
"H32407-04-01",NA,324,1
"H32408-04-01",NA,324,1
"H32409-04-01",NA,324,1
"H32410-04-01",NA,324,1
"H32501-04-01",NA,325,2
"H32502-04-01",NA,325,1
"H32503-04-01",NA,325,1
"H32504-04-01",NA,325,2
"H32505-04-01",NA,325,1
"H32506-04-01",NA,325,1
"H32507-04-01",NA,325,2
"H32508-04-01",NA,325,1
"H32509-04-01",NA,325,1
"H32510-04-01",NA,325,1
"H32601-04-01",NA,326,1
"H32602-04-01",NA,326,1
"H32603-04-01",NA,326,1
"H32604-04-01",NA,326,1
"H32605-04-01",NA,326,1
"H32606-04-01",NA,326,1
"H32607-04-01",NA,326,1
"H32608-04-01",NA,326,1
"H32609-04-01",NA,326,1
"H32610-04-01",NA,326,1
"H32701-04-01",NA,327,1
"H32702-04-01",NA,327,1
"H32703-04-01",NA,327,1
"H32704-04-01",NA,327,1
"H32705-04-01",NA,327,1
"H32707-04-01",NA,327,1
"H32708-04-01",NA,327,1
"H32709-04-01",NA,327,1
"H32710-04-01",NA,327,1
"H32801-04-01",NA,328,1
"H32802-04-01",NA,328,1
"H32803-04-01",NA,328,1
"H32804-04-01",NA,328,1
"H32805-04-01",NA,328,1
"H32806-04-01",NA,328,1
"H32807-04-01",NA,328,1
"H32810-04-01",NA,328,1
"H32901-04-01",NA,329,1
"H32902-04-01",NA,329,1
"H32903-04-01",NA,329,1
"H32904-04-01",NA,329,1
"H32905-04-01",NA,329,1
"H32906-04-01",NA,329,1
"H32907-04-01",NA,329,1
"H32908-04-01",NA,329,1
"H32909-04-01",NA,329,1
"H32910-04-01",NA,329,2
"H33001-04-01",NA,330,1
"H33002-04-01",NA,330,1
"H33003-04-01",NA,330,1
"H33004-04-01",NA,330,1
"H33005-04-01",NA,330,2
"H33008-04-01",NA,330,1
"H33101-04-01",NA,331,1
"H33102-04-01",NA,331,1
"H33103-04-01",NA,331,1
"H33104-04-01",NA,331,1
"H33105-04-01",NA,331,1
"H33106-04-01",NA,331,1
"H33107-04-01",NA,331,1
"H33108-04-01",NA,331,1
"H33109-04-01",NA,331,1
"H33110-04-01",NA,331,1
"H33201-04-01",NA,332,1
"H33202-04-01",NA,332,1
"H33203-04-01",NA,332,1
"H33204-04-01",NA,332,1
"H33205-04-01",NA,332,1
"H33206-04-01",NA,332,1
"H33208-04-01",NA,332,1
"H33209-04-01",NA,332,1
"H33210-04-01",NA,332,1
"H33301-04-01",NA,333,1
"H33302-04-01",NA,333,1
"H33303-04-01",NA,333,1
"H33304-04-01",NA,333,1
"H33305-04-01",NA,333,1
"H33306-04-01",NA,333,1
"H33307-04-01",NA,333,1
"H33308-04-01",NA,333,1
"H33309-04-01",NA,333,1
"H33310-04-01",NA,333,1
"H33401-04-01",NA,334,1
"H33402-04-01",NA,334,1
"H33403-04-01",NA,334,1
"H33404-04-01",NA,334,1
"H33405-04-01",NA,334,1
"H33406-04-01",NA,334,1
"H33407-04-01",NA,334,1
"H33408-04-01",NA,334,1
"H33410-04-01",NA,334,1
"H33501-04-01",NA,335,2
"H33502-04-01",NA,335,2
"H33503-04-01",NA,335,2
"H33504-04-01",NA,335,2
"H33505-04-01",NA,335,2
"H33506-04-01",NA,335,2
"H33507-04-01",NA,335,2
"H33508-04-01",NA,335,2
"H33509-04-01",NA,335,2
"H33510-04-01",NA,335,2
"H33601-04-01",NA,336,1
"H33602-04-01",NA,336,1
"H33603-04-01",NA,336,1
"H33604-04-01",NA,336,1
"H33605-04-01",NA,336,1
"H33606-04-01",NA,336,1
"H33607-04-01",NA,336,1
"H33608-04-01",NA,336,1
"H33609-04-01",NA,336,2
"H33610-04-01",NA,336,1
"H33701-04-01",NA,337,2
"H33702-04-01",NA,337,2
"H33703-04-01",NA,337,2
"H33704-04-01",NA,337,2
"H33705-04-01",NA,337,2
"H33706-04-01",NA,337,2
"H33707-04-01",NA,337,2
"H33708-04-01",NA,337,2
"H33709-04-01",NA,337,2
"H33710-04-01",NA,337,2
"H33801-04-01",NA,338,2
"H33802-04-01",NA,338,2
"H33803-04-01",NA,338,2
"H33804-04-01",NA,338,2
"H33805-04-01",NA,338,2
"H33806-04-01",NA,338,2
"H33807-04-01",NA,338,2
"H33808-04-01",NA,338,2
"H33809-04-01",NA,338,2
"H33810-04-01",NA,338,2
"H33901-04-01",NA,339,1
"H33902-04-01",NA,339,1
"H33903-04-01",NA,339,1
"H33904-04-01",NA,339,1
"H33905-04-01",NA,339,1
"H33906-04-01",NA,339,1
"H33907-04-01",NA,339,1
"H33908-04-01",NA,339,2
"H33909-04-01",NA,339,1
"H33910-04-01",NA,339,1
"H34001-04-01",NA,340,2
"H34002-04-01",NA,340,2
"H34003-04-01",NA,340,2
"H34004-04-01",NA,340,2
"H34005-04-01",NA,340,2
"H34006-04-01",NA,340,2
"H34007-04-01",NA,340,2
"H34008-04-01",NA,340,2
"H34009-04-01",NA,340,2
"H34010-04-01",NA,340,2
"H34101-04-01",NA,341,2
"H34102-04-01",NA,341,2
"H34103-04-01",NA,341,2
"H34104-04-01",NA,341,2
"H34105-04-01",NA,341,2
"H34106-04-01",NA,341,2
"H34107-04-01",NA,341,2
"H34108-04-01",NA,341,2
"H34109-04-01",NA,341,2
"H34110-04-01",NA,341,2
"H34201-04-01",NA,342,2
"H34202-04-01",NA,342,2
"H34203-04-01",NA,342,2
"H34204-04-01",NA,342,2
"H34205-04-01",NA,342,2
"H34206-04-01",NA,342,2
"H34207-04-01",NA,342,2
"H34208-04-01",NA,342,2
"H34209-04-01",NA,342,2
"H34210-04-01",NA,342,2
"H34301-04-01",NA,343,2
"H34302-04-01",NA,343,2
"H34303-04-01",NA,343,2
"H34304-04-01",NA,343,2
"H34305-04-01",NA,343,2
"H34306-04-01",NA,343,2
"H34308-04-01",NA,343,2
"H34309-04-01",NA,343,2
"H34310-04-01",NA,343,2
"H34401-04-02",NA,344,2
"H34402-04-01",NA,344,2
"H34403-04-01",NA,344,2
"H34404-04-01",NA,344,2
"H34405-04-01",NA,344,2
"H34406-04-01",NA,344,2
"H34407-04-01",NA,344,2
"H34409-04-01",NA,344,2
"H34410-04-01",NA,344,2
"H34501-04-01",NA,345,1
"H34502-04-01",NA,345,1
"H34503-04-01",NA,345,1
"H34504-04-01",NA,345,1
"H34505-04-01",NA,345,1
"H34506-04-01",NA,345,1
"H34507-04-01",NA,345,1
"H34508-04-01",NA,345,1
"H34509-04-01",NA,345,1
"H34510-04-01",NA,345,1
"H34601-04-01",NA,346,2
"H34602-04-01",NA,346,2
"H34603-04-01",NA,346,2
"H34604-04-01",NA,346,1
"H34605-04-01",NA,346,2
"H34606-04-01",NA,346,2
"H34607-04-01",NA,346,2
"H34608-04-01",NA,346,2
"H34609-04-01",NA,346,1
"H34610-04-01",NA,346,2
"H34701-04-01",NA,347,1
"H34703-04-01",NA,347,1
"H34704-04-01",NA,347,1
"H34705-04-01",NA,347,1
"H34706-04-01",NA,347,1
"H34707-04-01",NA,347,1
"H34708-04-01",NA,347,1
"H34709-04-01",NA,347,1
"H34710-04-01",NA,347,1
"H34901-04-01",NA,349,1
"H34902-04-01",NA,349,1
"H34903-04-01",NA,349,1
"H34904-04-01",NA,349,1
"H34905-04-01",NA,349,1
"H34906-04-01",NA,349,1
"H34907-04-01",NA,349,1
"H34908-04-01",NA,349,1
"H34910-04-01",NA,349,1
"H35001-04-01",NA,350,2
"H35002-04-01",NA,350,2
"H35003-04-01",NA,350,2
"H35004-04-01",NA,350,2
"H35005-04-01",NA,350,2
"H35006-04-01",NA,350,2
"H35007-04-01",NA,350,2
"H35008-04-01",NA,350,2
"H35009-04-01",NA,350,2
"H35010-04-01",NA,350,2
"H35101-04-01",NA,351,2
"H35102-04-01",NA,351,2
"H35103-04-01",NA,351,2
"H35104-04-01",NA,351,2
"H35105-04-02",NA,351,2
"H35106-04-01",NA,351,2
"H35107-04-01",NA,351,2
"H35108-04-01",NA,351,2
"H35109-04-01",NA,351,2
"H35110-04-01",NA,351,2
"H35201-04-01",NA,352,2
"H35202-04-01",NA,352,2
"H35203-04-01",NA,352,2
"H35204-04-01",NA,352,2
"H35205-04-01",NA,352,2
"H35206-04-01",NA,352,2
"H35207-04-01",NA,352,2
"H35208-04-01",NA,352,2
"H35210-04-01",NA,352,1
"H35301-04-01",NA,353,1
"H35302-04-01",NA,353,1
"H35303-04-01",NA,353,1
"H35304-04-01",NA,353,1
"H35305-04-01",NA,353,1
"H35306-04-01",NA,353,1
"H35307-04-01",NA,353,1
"H35308-04-01",NA,353,1
"H35309-04-01",NA,353,1
"H35310-04-01",NA,353,1
"H35401-04-01",NA,354,2
"H35402-04-01",NA,354,2
"H35403-04-01",NA,354,2
"H35404-04-01",NA,354,2
"H35405-04-01",NA,354,2
"H35406-04-01",NA,354,2
"H35407-04-01",NA,354,2
"H35408-04-01",NA,354,2
"H35409-04-01",NA,354,2
"H35410-04-01",NA,354,2
"H35501-04-01",NA,355,2
"H35502-04-01",NA,355,2
"H35503-04-01",NA,355,2
"H35504-04-01",NA,355,2
"H35505-04-01",NA,355,2
"H35506-04-01",NA,355,2
"H35507-04-01",NA,355,2
"H35508-04-01",NA,355,2
"H35509-04-02",NA,355,2
"H35510-04-01",NA,355,2
"H35601-04-01",NA,356,2
"H35602-04-01",NA,356,1
"H35603-04-01",NA,356,2
"H35604-04-01",NA,356,2
"H35605-04-01",NA,356,2
"H35606-04-01",NA,356,2
"H35607-04-01",NA,356,2
"H35608-04-01",NA,356,2
"H35609-04-01",NA,356,2
"H35610-04-01",NA,356,2
"H35701-04-01",NA,357,1
"H35702-04-01",NA,357,1
"H35703-04-01",NA,357,1
"H35704-04-01",NA,357,2
"H35705-04-01",NA,357,1
"H35706-04-01",NA,357,1
"H35707-04-01",NA,357,1
"H35708-04-01",NA,357,2
"H35709-04-01",NA,357,1
"H35710-04-01",NA,357,1
"H35801-04-01",NA,358,2
"H35802-04-01",NA,358,2
"H35803-04-01",NA,358,2
"H35804-04-01",NA,358,2
"H35805-04-01",NA,358,2
"H35806-04-01",NA,358,2
"H35807-04-01",NA,358,2
"H35808-04-01",NA,358,2
"H35809-04-01",NA,358,2
"H35810-04-01",NA,358,2
"H35901-04-01",NA,359,2
"H35902-04-01",NA,359,2
"H35903-04-01",NA,359,2
"H35904-04-01",NA,359,2
"H35905-04-01",NA,359,2
"H35906-04-01",NA,359,2
"H35907-04-01",NA,359,2
"H35908-04-01",NA,359,2
"H35909-04-01",NA,359,2
"H35910-04-01",NA,359,2
"H36001-04-01",NA,360,2
"H36002-04-01",NA,360,2
"H36003-04-01",NA,360,2
"H36004-04-01",NA,360,2
"H36005-04-01",NA,360,2
"H36006-04-01",NA,360,2
"H36007-04-01",NA,360,2
"H36008-04-01",NA,360,2
"H36009-04-01",NA,360,2
"H36010-04-01",NA,360,2
"H36101-04-01",NA,361,2
"H36102-04-01",NA,361,2
"H36103-04-01",NA,361,2
"H36104-04-01",NA,361,2
"H36105-04-01",NA,361,2
"H36106-04-01",NA,361,2
"H36107-04-01",NA,361,2
"H36108-04-01",NA,361,2
"H36109-04-01",NA,361,2
"H36110-04-01",NA,361,2
"H36201-04-01",NA,362,1
"H36202-04-01",NA,362,1
"H36203-04-01",NA,362,2
"H36204-04-01",NA,362,2
"H36205-04-01",NA,362,1
"H36206-04-01",NA,362,1
"H36207-04-01",NA,362,1
"H36208-04-01",NA,362,2
"H36209-04-01",NA,362,1
"H36210-04-01",NA,362,1
"H36301-04-01",NA,363,1
"H36302-04-01",NA,363,1
"H36303-04-01",NA,363,1
"H36304-04-01",NA,363,1
"H36305-04-01",NA,363,1
"H36306-04-01",NA,363,1
"H36307-04-01",NA,363,1
"H36308-04-01",NA,363,1
"H36309-04-01",NA,363,1
"H36310-04-01",NA,363,1
"H36401-04-01",NA,364,2
"H36402-04-01",NA,364,2
"H36403-04-01",NA,364,2
"H36404-04-01",NA,364,2
"H36405-04-01",NA,364,2
"H36406-04-01",NA,364,2
"H36407-04-01",NA,364,2
"H36408-04-01",NA,364,2
"H36409-04-01",NA,364,2
"H36410-04-01",NA,364,2
"H36501-04-01",NA,365,2
"H36502-04-01",NA,365,2
"H36503-04-01",NA,365,2
"H36504-04-01",NA,365,2
"H36505-04-01",NA,365,2
"H36506-04-01",NA,365,2
"H36507-04-01",NA,365,2
"H36508-04-01",NA,365,2
"H36509-04-01",NA,365,2
"H36601-04-01",NA,366,2
"H36602-04-01",NA,366,2
"H36603-04-01",NA,366,2
"H36604-04-01",NA,366,1
"H36605-04-01",NA,366,2
"H36606-04-01",NA,366,2
"H36607-04-01",NA,366,2
"H36608-04-01",NA,366,2
"H36609-04-01",NA,366,2
"H36610-04-01",NA,366,2
"H36701-04-01",NA,367,2
"H36702-04-01",NA,367,2
"H36703-04-01",NA,367,2
"H36704-04-01",NA,367,2
"H36705-04-01",NA,367,2
"H36706-04-01",NA,367,2
"H36707-04-01",NA,367,2
"H36708-04-01",NA,367,2
"H36709-04-01",NA,367,2
"H36710-04-01",NA,367,2
"H36801-04-01",NA,368,2
"H36802-04-01",NA,368,2
"H36803-04-01",NA,368,2
"H36804-04-01",NA,368,2
"H36805-04-01",NA,368,2
"H36806-04-01",NA,368,2
"H36807-04-01",NA,368,2
"H36809-04-01",NA,368,2
"H36810-04-01",NA,368,2
"H36901-04-01",NA,369,2
"H36902-04-01",NA,369,2
"H36903-04-01",NA,369,2
"H36904-04-01",NA,369,2
"H36905-04-01",NA,369,2
"H36906-04-01",NA,369,2
"H36907-04-01",NA,369,2
"H36908-04-01",NA,369,2
"H36909-04-01",NA,369,2
"H36910-04-01",NA,369,2
"H37001-04-01",NA,370,1
"H37002-04-01",NA,370,1
"H37003-04-01",NA,370,1
"H37004-04-01",NA,370,1
"H37005-04-01",NA,370,1
"H37006-04-01",NA,370,1
"H37007-04-01",NA,370,1
"H37008-04-01",NA,370,1
"H37009-04-01",NA,370,1
"H37010-04-01",NA,370,1
"H37101-04-01",NA,371,2
"H37102-04-01",NA,371,2
"H37103-04-01",NA,371,2
"H37104-04-01",NA,371,2
"H37105-04-01",NA,371,2
"H37106-04-01",NA,371,2
"H37107-04-01",NA,371,2
"H37108-04-01",NA,371,2
"H37109-04-01",NA,371,2
"H37110-04-01",NA,371,2
"H37201-04-01",NA,372,2
"H37202-04-01",NA,372,2
"H37203-04-01",NA,372,2
"H37204-04-01",NA,372,2
"H37205-04-01",NA,372,2
"H37206-04-01",NA,372,2
"H37207-04-01",NA,372,2
"H37208-04-01",NA,372,2
"H37209-04-01",NA,372,2
"H37210-04-01",NA,372,2
"H37301-04-01",NA,373,2
"H37302-04-01",NA,373,2
"H37303-04-01",NA,373,2
"H37304-04-01",NA,373,2
"H37305-04-01",NA,373,2
"H37306-04-01",NA,373,2
"H37307-04-01",NA,373,2
"H37308-04-01",NA,373,2
"H37309-04-01",NA,373,2
"H37310-04-01",NA,373,2
"H37401-04-01",NA,374,2
"H37402-04-01",NA,374,2
"H37403-04-01",NA,374,2
"H37404-04-01",NA,374,2
"H37405-04-01",NA,374,2
"H37406-04-01",NA,374,2
"H37407-04-01",NA,374,2
"H37408-04-01",NA,374,2
"H37409-04-01",NA,374,2
"H37410-04-01",NA,374,2
"H37501-04-01",NA,375,2
"H37502-04-01",NA,375,2
"H37503-04-01",NA,375,2
"H37504-04-01",NA,375,2
"H37505-04-01",NA,375,2
"H37506-04-01",NA,375,2
"H37507-04-01",NA,375,2
"H37508-04-01",NA,375,2
"H37509-04-01",NA,375,2
"H37510-04-01",NA,375,2
"H37601-04-01",NA,376,2
"H37602-04-02",NA,376,2
"H37603-04-01",NA,376,2
"H37604-04-01",NA,376,2
"H37605-04-01",NA,376,2
"H37606-04-01",NA,376,2
"H37607-04-01",NA,376,2
"H37608-04-01",NA,376,1
"H37609-04-01",NA,376,1
"H37610-04-01",NA,376,2
"H37701-04-01",NA,377,2
"H37702-04-01",NA,377,2
"H37703-04-01",NA,377,2
"H37704-04-01",NA,377,2
"H37705-04-01",NA,377,2
"H37706-04-01",NA,377,2
"H37707-04-01",NA,377,2
"H37708-04-01",NA,377,2
"H37709-04-01",NA,377,2
"H37710-04-01",NA,377,2
"H37801-04-01",NA,378,2
"H37802-04-01",NA,378,2
"H37803-04-01",NA,378,2
"H37804-04-01",NA,378,2
"H37805-04-01",NA,378,2
"H37806-04-01",NA,378,2
"H37807-04-01",NA,378,2
"H37808-04-01",NA,378,2
"H37809-04-01",NA,378,2
"H37810-04-01",NA,378,2
"H37901-04-01",NA,379,1
"H37902-04-01",NA,379,2
"H37903-04-01",NA,379,2
"H37905-04-01",NA,379,2
"H37906-04-01",NA,379,2
"H37907-04-01",NA,379,2
"H37908-04-01",NA,379,2
"H37909-04-01",NA,379,2
"H37910-04-01",NA,379,2
"H38001-04-01",NA,380,1
"H38002-04-01",NA,380,2
"H38003-04-01",NA,380,2
"H38004-04-01",NA,380,2
"H38006-04-01",NA,380,2
"H38007-04-01",NA,380,2
"H38008-04-01",NA,380,2
"H38009-04-01",NA,380,1
"H38010-04-01",NA,380,1
"H38101-04-01",NA,381,2
"H38102-04-01",NA,381,2
"H38103-04-01",NA,381,2
"H38104-04-01",NA,381,2
"H38105-04-01",NA,381,2
"H38106-04-01",NA,381,2
"H38107-04-01",NA,381,2
"H38108-04-01",NA,381,2
"H38109-04-01",NA,381,2
"H38110-04-01",NA,381,2
"H38201-04-01",NA,382,2
"H38202-04-01",NA,382,2
"H38203-04-01",NA,382,2
"H38204-04-01",NA,382,2
"H38205-04-01",NA,382,2
"H38206-04-01",NA,382,2
"H38207-04-01",NA,382,2
"H38208-04-01",NA,382,2
"H38209-04-01",NA,382,2
"H38210-04-01",NA,382,2
"H38301-04-01",NA,383,2
"H38302-04-01",NA,383,2
"H38303-04-01",NA,383,2
"H38304-04-01",NA,383,2
"H38305-04-01",NA,383,2
"H38308-04-01",NA,383,2
"H38309-04-01",NA,383,2
"H38310-04-01",NA,383,2
"H38401-04-01",NA,384,2
"H38402-04-01",NA,384,2
"H38403-04-01",NA,384,2
"H38404-04-01",NA,384,2
"H38405-04-01",NA,384,2
"H38406-04-01",NA,384,2
"H38407-04-01",NA,384,2
"H38408-04-01",NA,384,1
"H38409-04-01",NA,384,2
"H38410-04-01",NA,384,2
"H38501-04-01",NA,385,2
"H38502-04-01",NA,385,2
"H38503-04-01",NA,385,2
"H38504-04-01",NA,385,2
"H38505-04-01",NA,385,2
"H38506-04-01",NA,385,2
"H38507-04-01",NA,385,2
"H38508-04-01",NA,385,2
"H38509-04-01",NA,385,2
"H38510-04-01",NA,385,2
"H38601-04-01",NA,386,2
"H38602-04-01",NA,386,2
"H38603-04-01",NA,386,2
"H38604-04-01",NA,386,2
"H38605-04-01",NA,386,2
"H38606-04-01",NA,386,2
"H38607-04-01",NA,386,2
"H38608-04-01",NA,386,2
"H38609-04-01",NA,386,2
"H38610-04-01",NA,386,2
"H38701-04-01",NA,387,2
"H38702-04-01",NA,387,2
"H38703-04-01",NA,387,2
"H38704-04-01",NA,387,2
"H38705-04-01",NA,387,1
"H38706-04-01",NA,387,1
"H38707-04-01",NA,387,1
"H38708-04-01",NA,387,1
"H38709-04-01",NA,387,2
"H38710-04-01",NA,387,2
"H38801-04-01",NA,388,2
"H38802-04-01",NA,388,2
"H38803-04-01",NA,388,2
"H38804-04-01",NA,388,2
"H38805-04-01",NA,388,2
"H38806-04-01",NA,388,2
"H38807-04-01",NA,388,2
"H38808-04-01",NA,388,2
"H38809-04-01",NA,388,2
"H38901-04-01",NA,389,2
"H38902-04-01",NA,389,1
"H38903-04-01",NA,389,1
"H38904-04-01",NA,389,1
"H38905-04-01",NA,389,1
"H38906-04-01",NA,389,1
"H38907-04-01",NA,389,1
"H38908-04-01",NA,389,1
"H38909-04-01",NA,389,1
"H38910-04-01",NA,389,1
"H39001-04-01",NA,390,2
"H39002-04-01",NA,390,2
"H39003-04-01",NA,390,2
"H39004-04-01",NA,390,2
"H39005-04-01",NA,390,2
"H39006-04-01",NA,390,2
"H39007-04-01",NA,390,2
"H39008-04-01",NA,390,2
"H39009-04-01",NA,390,2
"H39010-04-01",NA,390,2
"H39101-04-01",NA,391,2
"H39102-04-01",NA,391,2
"H39103-04-01",NA,391,2
"H39104-04-01",NA,391,2
"H39105-04-01",NA,391,2
"H39106-04-01",NA,391,2
"H39107-04-01",NA,391,2
"H39109-04-01",NA,391,2
"H39110-04-01",NA,391,2
"H39301-04-01",NA,393,2
"H39302-04-01",NA,393,2
"H39303-04-01",NA,393,2
"H39304-04-01",NA,393,2
"H39305-04-01",NA,393,2
"H39307-04-01",NA,393,2
"H39308-04-01",NA,393,2
"H39309-04-01",NA,393,2
"H39310-04-01",NA,393,2
"H39401-04-01",NA,394,2
"H39402-04-01",NA,394,2
"H39403-04-01",NA,394,2
"H39404-04-01",NA,394,2
"H39405-04-01",NA,394,1
"H39406-04-01",NA,394,2
"H39407-04-01",NA,394,2
"H39408-04-01",NA,394,1
"H39409-04-01",NA,394,1
"H39410-04-01",NA,394,1
"H39501-04-01",NA,395,1
"H39502-04-01",NA,395,1
"H39503-04-01",NA,395,1
"H39504-04-01",NA,395,1
"H39505-04-01",NA,395,2
"H39506-04-01",NA,395,2
"H39507-04-01",NA,395,1
"H39509-04-01",NA,395,1
"H39510-04-01",NA,395,1
"H39601-04-01",NA,396,2
"H39602-04-01",NA,396,2
"H39603-04-01",NA,396,2
"H39604-04-01",NA,396,2
"H39605-04-01",NA,396,2
"H39606-04-01",NA,396,2
"H39607-04-01",NA,396,2
"H39608-04-01",NA,396,2
"H39609-04-01",NA,396,2
"H39610-04-01",NA,396,2
"H39701-04-01",NA,397,2
"H39702-04-01",NA,397,2
"H39703-04-01",NA,397,2
"H39704-04-01",NA,397,2
"H39705-04-01",NA,397,2
"H39706-04-01",NA,397,2
"H39707-04-01",NA,397,2
"H39708-04-01",NA,397,2
"H39709-04-01",NA,397,2
"H39710-04-01",NA,397,2
"H39801-04-01",NA,398,2
"H39802-04-01",NA,398,2
"H39803-04-01",NA,398,2
"H39804-04-01",NA,398,2
"H39805-04-01",NA,398,2
"H39806-04-01",NA,398,2
"H39807-04-01",NA,398,2
"H39808-04-01",NA,398,2
"H39809-04-01",NA,398,2
"H39810-04-01",NA,398,2
"H39901-04-01",NA,399,2
"H39902-04-01",NA,399,2
"H39903-04-01",NA,399,2
"H39904-04-01",NA,399,2
"H39905-04-01",NA,399,2
"H39906-04-01",NA,399,2
"H39907-04-01",NA,399,2
"H39908-04-01",NA,399,2
"H39909-04-01",NA,399,2
"H39910-04-01",NA,399,2
"H40001-04-01",NA,400,2
"H40002-04-01",NA,400,2
"H40003-04-01",NA,400,2
"H40004-04-01",NA,400,2
"H40005-04-02",NA,400,2
"H40006-04-01",NA,400,2
"H40007-04-01",NA,400,2
"H40008-04-01",NA,400,2
"H40009-04-01",NA,400,2
"H40010-04-01",NA,400,2
"H40101-04-01",NA,401,1
"H40102-04-01",NA,401,1
"H40103-04-01",NA,401,1
"H40104-04-01",NA,401,1
"H40105-04-01",NA,401,1
"H40106-04-01",NA,401,1
"H40107-04-01",NA,401,1
"H40108-04-01",NA,401,1
"H40109-04-01",NA,401,1
"H40110-04-01",NA,401,1
"H40201-04-01",NA,402,2
"H40202-04-01",NA,402,2
"H40203-04-01",NA,402,2
"H40204-04-01",NA,402,2
"H40205-04-01",NA,402,1
"H40206-04-01",NA,402,2
"H40207-04-01",NA,402,2
"H40208-04-01",NA,402,2
"H40209-04-01",NA,402,2
"H40210-04-01",NA,402,2
"H40301-04-01",NA,403,2
"H40302-04-01",NA,403,2
"H40303-04-01",NA,403,2
"H40304-04-01",NA,403,2
"H40305-04-01",NA,403,2
"H40306-04-01",NA,403,2
"H40307-04-01",NA,403,2
"H40308-04-01",NA,403,2
"H40309-04-01",NA,403,2
"H40310-04-01",NA,403,2
"H40401-04-01",NA,404,2
"H40402-04-01",NA,404,2
"H40403-04-01",NA,404,2
"H40404-04-01",NA,404,2
"H40405-04-01",NA,404,2
"H40406-04-01",NA,404,2
"H40407-04-01",NA,404,2
"H40408-04-01",NA,404,2
"H40409-04-01",NA,404,2
"H40410-04-01",NA,404,2
"H40501-04-01",NA,405,2
"H40502-04-01",NA,405,2
"H40503-04-01",NA,405,2
"H40504-04-01",NA,405,2
"H40505-04-01",NA,405,2
"H40506-04-01",NA,405,2
"H40507-04-01",NA,405,2
"H40508-04-01",NA,405,2
"H40509-04-01",NA,405,2
"H40510-04-01",NA,405,2
"H40601-04-01",NA,406,1
"H40602-04-01",NA,406,1
"H40603-04-01",NA,406,1
"H40604-04-01",NA,406,1
"H40605-04-01",NA,406,1
"H40607-04-01",NA,406,1
"H40608-04-01",NA,406,1
"H40609-04-01",NA,406,1
"H40610-04-01",NA,406,1
"H40701-04-01",NA,407,2
"H40702-04-01",NA,407,2
"H40703-04-01",NA,407,2
"H40704-04-01",NA,407,2
"H40705-04-01",NA,407,2
"H40707-04-01",NA,407,2
"H40708-04-01",NA,407,2
"H40709-04-01",NA,407,2
"H40710-04-01",NA,407,2
"H40801-04-01",NA,408,2
"H40802-04-01",NA,408,2
"H40803-04-01",NA,408,2
"H40804-04-01",NA,408,2
"H40805-04-01",NA,408,2
"H40806-04-01",NA,408,2
"H40807-04-01",NA,408,2
"H40808-04-01",NA,408,2
"H40809-04-01",NA,408,2
"H40810-04-01",NA,408,2
"H40901-04-01",NA,409,2
"H40902-04-01",NA,409,2
"H40903-04-01",NA,409,2
"H40904-04-01",NA,409,2
"H40905-04-01",NA,409,2
"H40906-04-01",NA,409,2
"H40908-04-01",NA,409,2
"H40909-04-01",NA,409,2
"H40910-04-01",NA,409,2
"H41001-04-01",NA,410,2
"H41002-04-01",NA,410,2
"H41003-04-01",NA,410,2
"H41004-04-01",NA,410,2
"H41005-04-01",NA,410,2
"H41006-04-01",NA,410,2
"H41007-04-01",NA,410,2
"H41008-04-01",NA,410,2
"H41009-04-01",NA,410,2
"H41010-04-01",NA,410,2
"H41101-04-01",NA,411,2
"H41102-04-01",NA,411,2
"H41103-04-01",NA,411,2
"H41104-04-01",NA,411,2
"H41106-04-01",NA,411,2
"H41107-04-01",NA,411,2
"H41108-04-01",NA,411,2
"H41109-04-01",NA,411,2
"H41110-04-01",NA,411,2
"H41201-04-01",NA,412,1
"H41202-04-01",NA,412,1
"H41203-04-01",NA,412,1
"H41204-04-01",NA,412,1
"H41205-04-01",NA,412,1
"H41206-04-01",NA,412,1
"H41207-04-01",NA,412,1
"H41208-04-01",NA,412,1
"H41209-04-01",NA,412,1
"H41210-04-01",NA,412,1
"H41301-04-01",NA,413,2
"H41302-04-01",NA,413,2
"H41303-04-01",NA,413,2
"H41304-04-01",NA,413,2
"H41305-04-01",NA,413,2
"H41306-04-01",NA,413,2
"H41307-04-01",NA,413,2
"H41308-04-01",NA,413,2
"H41309-04-01",NA,413,2
"H41310-04-01",NA,413,2
"H41401-04-01",NA,414,2
"H41402-04-01",NA,414,2
"H41403-04-01",NA,414,2
"H41404-04-01",NA,414,2
"H41405-04-01",NA,414,2
"H41406-04-01",NA,414,2
"H41407-04-01",NA,414,2
"H41408-04-01",NA,414,2
"H41409-04-01",NA,414,2
"H41410-04-01",NA,414,2
"H41501-04-01",NA,415,2
"H41502-04-01",NA,415,2
"H41503-04-01",NA,415,2
"H41504-04-01",NA,415,2
"H41505-04-01",NA,415,2
"H41508-04-01",NA,415,2
"H41509-04-01",NA,415,2
"H41510-04-01",NA,415,2
"H41601-04-01",NA,416,1
"H41602-04-01",NA,416,1
"H41603-04-01",NA,416,1
"H41604-04-01",NA,416,1
"H41605-04-01",NA,416,1
"H41606-04-01",NA,416,1
"H41607-04-01",NA,416,1
"H41609-04-01",NA,416,1
"H41610-04-01",NA,416,1
"H41701-04-01",NA,417,2
"H41702-04-01",NA,417,2
"H41703-04-01",NA,417,2
"H41704-04-01",NA,417,2
"H41705-04-01",NA,417,2
"H41706-04-01",NA,417,2
"H41707-04-01",NA,417,2
"H41708-04-01",NA,417,2
"H41709-04-01",NA,417,2
"H41710-04-01",NA,417,2
"H41801-04-01",NA,418,2
"H41802-04-01",NA,418,2
"H41803-04-01",NA,418,2
"H41804-04-01",NA,418,2
"H41805-04-01",NA,418,2
"H41806-04-01",NA,418,2
"H41807-04-01",NA,418,2
"H41808-04-01",NA,418,2
"H41809-04-01",NA,418,2
"H41810-04-01",NA,418,2
"H41901-04-01",NA,419,2
"H41902-04-01",NA,419,2
"H41903-04-01",NA,419,2
"H41904-04-01",NA,419,2
"H41905-04-01",NA,419,2
"H41906-04-01",NA,419,2
"H41907-04-01",NA,419,2
"H41908-04-01",NA,419,2
"H41909-04-01",NA,419,2
"H41910-04-01",NA,419,2
"H42001-04-01",NA,420,2
"H42002-04-01",NA,420,2
"H42003-04-01",NA,420,2
"H42004-04-01",NA,420,2
"H42006-04-01",NA,420,2
"H42007-04-01",NA,420,2
"H42008-04-01",NA,420,2
"H42009-04-01",NA,420,2
"H42010-04-01",NA,420,2
"H42101-04-01",NA,421,2
"H42102-04-01",NA,421,2
"H42103-04-01",NA,421,2
"H42104-04-01",NA,421,2
"H42105-04-01",NA,421,2
"H42106-04-01",NA,421,2
"H42107-04-01",NA,421,2
"H42108-04-01",NA,421,2
"H42109-04-01",NA,421,2
"H42110-04-01",NA,421,2
"H42201-04-02",NA,422,2
"H42202-04-01",NA,422,2
"H42203-04-01",NA,422,2
"H42204-04-01",NA,422,2
"H42205-04-01",NA,422,2
"H42206-04-01",NA,422,2
"H42207-04-01",NA,422,2
"H42208-04-01",NA,422,2
"H42210-04-01",NA,422,2
"H42301-04-01",NA,423,2
"H42302-04-01",NA,423,2
"H42303-04-01",NA,423,2
"H42304-04-01",NA,423,2
"H42305-04-01",NA,423,2
"H42306-04-01",NA,423,2
"H42307-04-01",NA,423,2
"H42308-04-01",NA,423,2
"H42309-04-01",NA,423,2
"H42310-04-01",NA,423,2
"H42401-04-01",NA,424,1
"H42402-04-02",NA,424,1
"H42403-04-01",NA,424,1
"H42404-04-02",NA,424,1
"H42405-04-01",NA,424,1
"H42406-04-01",NA,424,1
"H42407-04-01",NA,424,1
"H42408-04-01",NA,424,1
"H42409-04-01",NA,424,1
"H42410-04-01",NA,424,1
"H42501-04-01",NA,425,2
"H42502-04-01",NA,425,2
"H42503-04-01",NA,425,2
"H42504-04-01",NA,425,2
"H42505-04-01",NA,425,2
"H42506-04-01",NA,425,2
"H42507-04-01",NA,425,2
"H42508-04-01",NA,425,2
"H42509-04-01",NA,425,2
"H42510-04-01",NA,425,2
"H42601-04-01",NA,426,2
"H42602-04-01",NA,426,2
"H42603-04-01",NA,426,2
"H42604-04-01",NA,426,2
"H42605-04-01",NA,426,2
"H42606-04-01",NA,426,2
"H42607-04-01",NA,426,2
"H42608-04-01",NA,426,2
"H42609-04-01",NA,426,2
"H42610-04-01",NA,426,2
"H42701-04-01",NA,427,2
"H42702-04-01",NA,427,2
"H42703-04-01",NA,427,2
"H42704-04-01",NA,427,2
"H42705-04-01",NA,427,2
"H42706-04-01",NA,427,2
"H42707-04-01",NA,427,2
"H42708-04-01",NA,427,2
"H42709-04-01",NA,427,2
"H42710-04-01",NA,427,2
"H42801-04-01",NA,428,2
"H42802-04-01",NA,428,2
"H42803-04-01",NA,428,2
"H42804-04-01",NA,428,2
"H42805-04-01",NA,428,2
"H42806-04-01",NA,428,2
"H42807-04-01",NA,428,2
"H42808-04-01",NA,428,2
"H42809-04-01",NA,428,2
"H42810-04-01",NA,428,2
"H42901-04-01",NA,429,1
"H42902-04-01",NA,429,1
"H42903-04-01",NA,429,1
"H42904-04-01",NA,429,1
"H42905-04-01",NA,429,1
"H42906-04-01",NA,429,1
"H42907-04-01",NA,429,2
"H42908-04-01",NA,429,1
"H42909-04-01",NA,429,1
"H42910-04-01",NA,429,1
"H43001-04-01",NA,430,2
"H43002-04-01",NA,430,2
"H43003-04-01",NA,430,2
"H43004-04-01",NA,430,2
"H43005-04-01",NA,430,2
"H43006-04-01",NA,430,2
"H43007-04-01",NA,430,2
"H43008-04-01",NA,430,2
"H43009-04-01",NA,430,2
"H43010-04-01",NA,430,2
